year,period,periodName,latest,value,footnotes,calculations,Category,Year-Month
2023,M09,September,True,307.789,[{}],"{'net_changes': {}, 'pct_changes': {'1': '0.2', '3': '0.9', '6': '2.0', '12': '3.7'}}",CUUR0000SA0,2023-09
2023,M08,August,,307.026,[{}],"{'net_changes': {}, 'pct_changes': {'1': '0.4', '3': '1.0', '6': '2.1', '12': '3.7'}}",CUUR0000SA0,2023-08
2023,M07,July,,305.691,[{}],"{'net_changes': {}, 'pct_changes': {'1': '0.2', '3': '0.8', '6': '2.2', '12': '3.2'}}",CUUR0000SA0,2023-07
2023,M06,June,,305.109,[{}],"{'net_changes': {}, 'pct_changes': {'1': '0.3', '3': '1.1', '6': '2.8', '12': '3.0'}}",CUUR0000SA0,2023-06
2023,M05,May,,304.127,[{}],"{'net_changes': {}, 'pct_changes': {'1': '0.3', '3': '1.1', '6': '2.2', '12': '4.0'}}",CUUR0000SA0,2023-05
2023,M04,April,,303.363,[{}],"{'net_changes': {}, 'pct_changes': {'1': '0.5', '3': '1.4', '6': '1.8', '12': '4.9'}}",CUUR0000SA0,2023-04
2023,M03,March,,301.836,[{}],"{'net_changes': {}, 'pct_changes': {'1': '0.3', '3': '1.7', '6': '1.7', '12': '5.0'}}",CUUR0000SA0,2023-03
2023,M02,February,,300.84,[{}],"{'net_changes': {}, 'pct_changes': {'1': '0.6', '3': '1.1', '6': '1.6', '12': '6.0'}}",CUUR0000SA0,2023-02
2023,M01,January,,299.17,[{}],"{'net_changes': {}, 'pct_changes': {'1': '0.8', '3': '0.4', '6': '1.0', '12': '6.4'}}",CUUR0000SA0,2023-01
2022,M12,December,,296.797,[{}],"{'net_changes': {}, 'pct_changes': {'1': '-0.3', '3': '0.0', '6': '0.2', '12': '6.5'}}",CUUR0000SA0,2022-12
2022,M11,November,,297.711,[{}],"{'net_changes': {}, 'pct_changes': {'1': '-0.1', '3': '0.5', '6': '1.9', '12': '7.1'}}",CUUR0000SA0,2022-11
2022,M10,October,,298.012,[{}],"{'net_changes': {}, 'pct_changes': {'1': '0.4', '3': '0.6', '6': '3.1', '12': '7.7'}}",CUUR0000SA0,2022-10
2022,M09,September,,296.808,[{}],"{'net_changes': {}, 'pct_changes': {'1': '0.2', '3': '0.2', '6': '3.2', '12': '8.2'}}",CUUR0000SA0,2022-09
2022,M08,August,,296.171,[{}],"{'net_changes': {}, 'pct_changes': {'1': '0.0', '3': '1.3', '6': '4.4', '12': '8.3'}}",CUUR0000SA0,2022-08
2022,M07,July,,296.276,[{}],"{'net_changes': {}, 'pct_changes': {'1': '0.0', '3': '2.5', '6': '5.4', '12': '8.5'}}",CUUR0000SA0,2022-07
2022,M06,June,,296.311,[{}],"{'net_changes': {}, 'pct_changes': {'1': '1.4', '3': '3.1', '6': '6.3', '12': '9.1'}}",CUUR0000SA0,2022-06
2022,M05,May,,292.296,[{}],"{'net_changes': {}, 'pct_changes': {'1': '1.1', '3': '3.0', '6': '5.2', '12': '8.6'}}",CUUR0000SA0,2022-05
2022,M04,April,,289.109,[{}],"{'net_changes': {}, 'pct_changes': {'1': '0.6', '3': '2.8', '6': '4.5', '12': '8.3'}}",CUUR0000SA0,2022-04
2022,M03,March,,287.504,[{}],"{'net_changes': {}, 'pct_changes': {'1': '1.3', '3': '3.1', '6': '4.8', '12': '8.5'}}",CUUR0000SA0,2022-03
2022,M02,February,,283.716,[{}],"{'net_changes': {}, 'pct_changes': {'1': '0.9', '3': '2.1', '6': '3.7', '12': '7.9'}}",CUUR0000SA0,2022-02
2022,M01,January,,281.148,[{}],"{'net_changes': {}, 'pct_changes': {'1': '0.8', '3': '1.6', '6': '3.0', '12': '7.5'}}",CUUR0000SA0,2022-01
2021,M12,December,,278.802,[{}],"{'net_changes': {}, 'pct_changes': {'1': '0.3', '3': '1.6', '6': '2.6', '12': '7.0'}}",CUUR0000SA0,2021-12
2021,M11,November,,277.948,[{}],"{'net_changes': {}, 'pct_changes': {'1': '0.5', '3': '1.6', '6': '3.3', '12': '6.8'}}",CUUR0000SA0,2021-11
2021,M10,October,,276.589,[{}],"{'net_changes': {}, 'pct_changes': {'1': '0.8', '3': '1.3', '6': '3.6', '12': '6.2'}}",CUUR0000SA0,2021-10
2021,M09,September,,274.31,[{}],"{'net_changes': {}, 'pct_changes': {'1': '0.3', '3': '1.0', '6': '3.6', '12': '5.4'}}",CUUR0000SA0,2021-09
2021,M08,August,,273.567,[{}],"{'net_changes': {}, 'pct_changes': {'1': '0.2', '3': '1.6', '6': '4.0', '12': '5.3'}}",CUUR0000SA0,2021-08
2021,M07,July,,273.003,[{}],"{'net_changes': {}, 'pct_changes': {'1': '0.5', '3': '2.2', '6': '4.4', '12': '5.4'}}",CUUR0000SA0,2021-07
2021,M06,June,,271.696,[{}],"{'net_changes': {}, 'pct_changes': {'1': '0.9', '3': '2.6', '6': '4.3', '12': '5.4'}}",CUUR0000SA0,2021-06
2021,M05,May,,269.195,[{}],"{'net_changes': {}, 'pct_changes': {'1': '0.8', '3': '2.4', '6': '3.4', '12': '5.0'}}",CUUR0000SA0,2021-05
2021,M04,April,,267.054,[{}],"{'net_changes': {}, 'pct_changes': {'1': '0.8', '3': '2.1', '6': '2.6', '12': '4.2'}}",CUUR0000SA0,2021-04
2021,M03,March,,264.877,[{}],"{'net_changes': {}, 'pct_changes': {'1': '0.7', '3': '1.7', '6': '1.8', '12': '2.6'}}",CUUR0000SA0,2021-03
2021,M02,February,,263.014,[{}],"{'net_changes': {}, 'pct_changes': {'1': '0.5', '3': '1.1', '6': '1.2', '12': '1.7'}}",CUUR0000SA0,2021-02
2021,M01,January,,261.582,[{}],"{'net_changes': {}, 'pct_changes': {'1': '0.4', '3': '0.5', '6': '1.0', '12': '1.4'}}",CUUR0000SA0,2021-01
2020,M12,December,,260.474,[{}],"{'net_changes': {}, 'pct_changes': {'1': '0.1', '3': '0.1', '6': '1.0', '12': '1.4'}}",CUUR0000SA0,2020-12
2020,M11,November,,260.229,[{}],"{'net_changes': {}, 'pct_changes': {'1': '-0.1', '3': '0.1', '6': '1.5', '12': '1.2'}}",CUUR0000SA0,2020-11
2020,M10,October,,260.388,[{}],"{'net_changes': {}, 'pct_changes': {'1': '0.0', '3': '0.5', '6': '1.6', '12': '1.2'}}",CUUR0000SA0,2020-10
2020,M09,September,,260.28,[{}],"{'net_changes': {}, 'pct_changes': {'1': '0.1', '3': '1.0', '6': '0.8', '12': '1.4'}}",CUUR0000SA0,2020-09
2020,M08,August,,259.918,[{}],"{'net_changes': {}, 'pct_changes': {'1': '0.3', '3': '1.4', '6': '0.5', '12': '1.3'}}",CUUR0000SA0,2020-08
2020,M07,July,,259.101,[{}],"{'net_changes': {}, 'pct_changes': {'1': '0.5', '3': '1.1', '6': '0.4', '12': '1.0'}}",CUUR0000SA0,2020-07
2020,M06,June,,257.797,[{}],"{'net_changes': {}, 'pct_changes': {'1': '0.5', '3': '-0.1', '6': '0.3', '12': '0.6'}}",CUUR0000SA0,2020-06
2020,M05,May,,256.394,[{}],"{'net_changes': {}, 'pct_changes': {'1': '0.0', '3': '-0.9', '6': '-0.3', '12': '0.1'}}",CUUR0000SA0,2020-05
2020,M04,April,,256.389,[{}],"{'net_changes': {}, 'pct_changes': {'1': '-0.7', '3': '-0.6', '6': '-0.4', '12': '0.3'}}",CUUR0000SA0,2020-04
2020,M03,March,,258.115,[{}],"{'net_changes': {}, 'pct_changes': {'1': '-0.2', '3': '0.4', '6': '0.5', '12': '1.5'}}",CUUR0000SA0,2020-03
2020,M02,February,,258.678,[{}],"{'net_changes': {}, 'pct_changes': {'1': '0.3', '3': '0.6', '6': '0.8', '12': '2.3'}}",CUUR0000SA0,2020-02
2020,M01,January,,257.971,[{}],"{'net_changes': {}, 'pct_changes': {'1': '0.4', '3': '0.2', '6': '0.5', '12': '2.5'}}",CUUR0000SA0,2020-01
2019,M12,December,,256.974,[{}],"{'net_changes': {}, 'pct_changes': {'1': '-0.1', '3': '0.1', '6': '0.3', '12': '2.3'}}",CUUR0000SA0,2019-12
2019,M11,November,,257.208,[{}],"{'net_changes': {}, 'pct_changes': {'1': '-0.1', '3': '0.3', '6': '0.4', '12': '2.1'}}",CUUR0000SA0,2019-11
2019,M10,October,,257.346,[{}],"{'net_changes': {}, 'pct_changes': {'1': '0.2', '3': '0.3', '6': '0.7', '12': '1.8'}}",CUUR0000SA0,2019-10
2019,M09,September,,256.759,[{}],"{'net_changes': {}, 'pct_changes': {'1': '0.1', '3': '0.2', '6': '1.0', '12': '1.7'}}",CUUR0000SA0,2019-09
2019,M08,August,,256.558,[{}],"{'net_changes': {}, 'pct_changes': {'1': '0.0', '3': '0.2', '6': '1.5', '12': '1.7'}}",CUUR0000SA0,2019-08
2019,M07,July,,256.571,[{}],"{'net_changes': {}, 'pct_changes': {'1': '0.2', '3': '0.4', '6': '1.9', '12': '1.8'}}",CUUR0000SA0,2019-07
2019,M06,June,,256.143,[{}],"{'net_changes': {}, 'pct_changes': {'1': '0.0', '3': '0.8', '6': '2.0', '12': '1.6'}}",CUUR0000SA0,2019-06
2019,M05,May,,256.092,[{}],"{'net_changes': {}, 'pct_changes': {'1': '0.2', '3': '1.3', '6': '1.6', '12': '1.8'}}",CUUR0000SA0,2019-05
2019,M04,April,,255.548,[{}],"{'net_changes': {}, 'pct_changes': {'1': '0.5', '3': '1.5', '6': '1.1', '12': '2.0'}}",CUUR0000SA0,2019-04
2019,M03,March,,254.202,[{}],"{'net_changes': {}, 'pct_changes': {'1': '0.6', '3': '1.2', '6': '0.7', '12': '1.9'}}",CUUR0000SA0,2019-03
2019,M02,February,,252.776,[{}],"{'net_changes': {}, 'pct_changes': {'1': '0.4', '3': '0.3', '6': '0.2', '12': '1.5'}}",CUUR0000SA0,2019-02
2019,M01,January,,251.712,[{}],"{'net_changes': {}, 'pct_changes': {'1': '0.2', '3': '-0.5', '6': '-0.1', '12': '1.6'}}",CUUR0000SA0,2019-01
2018,M12,December,,251.233,[{}],"{'net_changes': {}, 'pct_changes': {'1': '-0.3', '3': '-0.5', '6': '-0.3', '12': '1.9'}}",CUUR0000SA0,2018-12
2018,M11,November,,252.038,[{}],"{'net_changes': {}, 'pct_changes': {'1': '-0.3', '3': '0.0', '6': '0.2', '12': '2.2'}}",CUUR0000SA0,2018-11
2018,M10,October,,252.885,[{}],"{'net_changes': {}, 'pct_changes': {'1': '0.2', '3': '0.3', '6': '0.9', '12': '2.5'}}",CUUR0000SA0,2018-10
2018,M09,September,,252.439,[{}],"{'net_changes': {}, 'pct_changes': {'1': '0.1', '3': '0.2', '6': '1.2', '12': '2.3'}}",CUUR0000SA0,2018-09
2018,M08,August,,252.146,[{}],"{'net_changes': {}, 'pct_changes': {'1': '0.1', '3': '0.2', '6': '1.3', '12': '2.7'}}",CUUR0000SA0,2018-08
2018,M07,July,,252.006,[{}],"{'net_changes': {}, 'pct_changes': {'1': '0.0', '3': '0.6', '6': '1.7', '12': '2.9'}}",CUUR0000SA0,2018-07
2018,M06,June,,251.989,[{}],"{'net_changes': {}, 'pct_changes': {'1': '0.2', '3': '1.0', '6': '2.2', '12': '2.9'}}",CUUR0000SA0,2018-06
2018,M05,May,,251.588,[{}],"{'net_changes': {}, 'pct_changes': {'1': '0.4', '3': '1.0', '6': '2.0', '12': '2.8'}}",CUUR0000SA0,2018-05
2018,M04,April,,250.546,[{}],"{'net_changes': {}, 'pct_changes': {'1': '0.4', '3': '1.1', '6': '1.6', '12': '2.5'}}",CUUR0000SA0,2018-04
2018,M03,March,,249.554,[{}],"{'net_changes': {}, 'pct_changes': {'1': '0.2', '3': '1.2', '6': '1.1', '12': '2.4'}}",CUUR0000SA0,2018-03
2018,M02,February,,248.991,[{}],"{'net_changes': {}, 'pct_changes': {'1': '0.5', '3': '0.9', '6': '1.4', '12': '2.2'}}",CUUR0000SA0,2018-02
2018,M01,January,,247.867,[{}],"{'net_changes': {}, 'pct_changes': {'1': '0.5', '3': '0.5', '6': '1.3', '12': '2.1'}}",CUUR0000SA0,2018-01
2023,M09,September,True,310.817,[{}],"{'net_changes': {}, 'pct_changes': {'1': '0.2', '3': '0.6', '6': '1.7', '12': '4.1'}}",CUUR0000SA0L1E,2023-09
2023,M08,August,,310.103,[{}],"{'net_changes': {}, 'pct_changes': {'1': '0.2', '3': '0.7', '6': '2.0', '12': '4.3'}}",CUUR0000SA0L1E,2023-08
2023,M07,July,,309.402,[{}],"{'net_changes': {}, 'pct_changes': {'1': '0.2', '3': '0.8', '6': '2.5', '12': '4.7'}}",CUUR0000SA0L1E,2023-07
2023,M06,June,,308.91,[{}],"{'net_changes': {}, 'pct_changes': {'1': '0.3', '3': '1.1', '6': '2.9', '12': '4.8'}}",CUUR0000SA0L1E,2023-06
2023,M05,May,,308.096,[{}],"{'net_changes': {}, 'pct_changes': {'1': '0.4', '3': '1.3', '6': '2.8', '12': '5.3'}}",CUUR0000SA0L1E,2023-05
2023,M04,April,,306.899,[{}],"{'net_changes': {}, 'pct_changes': {'1': '0.5', '3': '1.6', '6': '2.5', '12': '5.5'}}",CUUR0000SA0L1E,2023-04
2023,M03,March,,305.476,[{}],"{'net_changes': {}, 'pct_changes': {'1': '0.5', '3': '1.8', '6': '2.4', '12': '5.6'}}",CUUR0000SA0L1E,2023-03
2023,M02,February,,304.011,[{}],"{'net_changes': {}, 'pct_changes': {'1': '0.7', '3': '1.5', '6': '2.3', '12': '5.5'}}",CUUR0000SA0L1E,2023-02
2023,M01,January,,301.962,[{}],"{'net_changes': {}, 'pct_changes': {'1': '0.6', '3': '0.9', '6': '2.1', '12': '5.6'}}",CUUR0000SA0L1E,2023-01
2022,M12,December,,300.113,[{}],"{'net_changes': {}, 'pct_changes': {'1': '0.2', '3': '0.6', '6': '1.8', '12': '5.7'}}",CUUR0000SA0L1E,2022-12
2022,M11,November,,299.6,[{}],"{'net_changes': {}, 'pct_changes': {'1': '0.1', '3': '0.8', '6': '2.4', '12': '6.0'}}",CUUR0000SA0L1E,2022-11
2022,M10,October,,299.315,[{}],"{'net_changes': {}, 'pct_changes': {'1': '0.3', '3': '1.2', '6': '2.9', '12': '6.3'}}",CUUR0000SA0L1E,2022-10
2022,M09,September,,298.442,[{}],"{'net_changes': {}, 'pct_changes': {'1': '0.4', '3': '1.3', '6': '3.2', '12': '6.6'}}",CUUR0000SA0L1E,2022-09
2022,M08,August,,297.178,[{}],"{'net_changes': {}, 'pct_changes': {'1': '0.5', '3': '1.6', '6': '3.2', '12': '6.3'}}",CUUR0000SA0L1E,2022-08
2022,M07,July,,295.646,[{}],"{'net_changes': {}, 'pct_changes': {'1': '0.3', '3': '1.7', '6': '3.4', '12': '5.9'}}",CUUR0000SA0L1E,2022-07
2022,M06,June,,294.68,[{}],"{'net_changes': {}, 'pct_changes': {'1': '0.7', '3': '1.9', '6': '3.8', '12': '5.9'}}",CUUR0000SA0L1E,2022-06
2022,M05,May,,292.506,[{}],"{'net_changes': {}, 'pct_changes': {'1': '0.6', '3': '1.5', '6': '3.4', '12': '6.0'}}",CUUR0000SA0L1E,2022-05
2022,M04,April,,290.846,[{}],"{'net_changes': {}, 'pct_changes': {'1': '0.5', '3': '1.7', '6': '3.3', '12': '6.2'}}",CUUR0000SA0L1E,2022-04
2022,M03,March,,289.305,[{}],"{'net_changes': {}, 'pct_changes': {'1': '0.4', '3': '1.9', '6': '3.4', '12': '6.5'}}",CUUR0000SA0L1E,2022-03
2022,M02,February,,288.059,[{}],"{'net_changes': {}, 'pct_changes': {'1': '0.7', '3': '1.9', '6': '3.1', '12': '6.4'}}",CUUR0000SA0L1E,2022-02
2022,M01,January,,285.996,[{}],"{'net_changes': {}, 'pct_changes': {'1': '0.7', '3': '1.6', '6': '2.5', '12': '6.0'}}",CUUR0000SA0L1E,2022-01
2021,M12,December,,283.908,[{}],"{'net_changes': {}, 'pct_changes': {'1': '0.4', '3': '1.4', '6': '2.0', '12': '5.5'}}",CUUR0000SA0L1E,2021-12
2021,M11,November,,282.754,[{}],"{'net_changes': {}, 'pct_changes': {'1': '0.4', '3': '1.2', '6': '2.5', '12': '4.9'}}",CUUR0000SA0L1E,2021-11
2021,M10,October,,281.617,[{}],"{'net_changes': {}, 'pct_changes': {'1': '0.6', '3': '0.9', '6': '2.8', '12': '4.6'}}",CUUR0000SA0L1E,2021-10
2021,M09,September,,279.884,[{}],"{'net_changes': {}, 'pct_changes': {'1': '0.1', '3': '0.6', '6': '3.0', '12': '4.0'}}",CUUR0000SA0L1E,2021-09
2021,M08,August,,279.507,[{}],"{'net_changes': {}, 'pct_changes': {'1': '0.1', '3': '1.3', '6': '3.3', '12': '4.0'}}",CUUR0000SA0L1E,2021-08
2021,M07,July,,279.146,[{}],"{'net_changes': {}, 'pct_changes': {'1': '0.3', '3': '1.9', '6': '3.5', '12': '4.3'}}",CUUR0000SA0L1E,2021-07
2021,M06,June,,278.218,[{}],"{'net_changes': {}, 'pct_changes': {'1': '0.8', '3': '2.4', '6': '3.3', '12': '4.5'}}",CUUR0000SA0L1E,2021-06
2021,M05,May,,275.893,[{}],"{'net_changes': {}, 'pct_changes': {'1': '0.7', '3': '1.9', '6': '2.4', '12': '3.8'}}",CUUR0000SA0L1E,2021-05
2021,M04,April,,273.968,[{}],"{'net_changes': {}, 'pct_changes': {'1': '0.8', '3': '1.6', '6': '1.7', '12': '3.0'}}",CUUR0000SA0L1E,2021-04
2021,M03,March,,271.713,[{}],"{'net_changes': {}, 'pct_changes': {'1': '0.4', '3': '0.9', '6': '1.0', '12': '1.6'}}",CUUR0000SA0L1E,2021-03
2021,M02,February,,270.696,[{}],"{'net_changes': {}, 'pct_changes': {'1': '0.3', '3': '0.5', '6': '0.7', '12': '1.3'}}",CUUR0000SA0L1E,2021-02
2021,M01,January,,269.755,[{}],"{'net_changes': {}, 'pct_changes': {'1': '0.2', '3': '0.2', '6': '0.8', '12': '1.4'}}",CUUR0000SA0L1E,2021-01
2020,M12,December,,269.226,[{}],"{'net_changes': {}, 'pct_changes': {'1': '-0.1', '3': '0.1', '6': '1.1', '12': '1.6'}}",CUUR0000SA0L1E,2020-12
2020,M11,November,,269.473,[{}],"{'net_changes': {}, 'pct_changes': {'1': '0.1', '3': '0.3', '6': '1.4', '12': '1.6'}}",CUUR0000SA0L1E,2020-11
2020,M10,October,,269.328,[{}],"{'net_changes': {}, 'pct_changes': {'1': '0.1', '3': '0.6', '6': '1.2', '12': '1.6'}}",CUUR0000SA0L1E,2020-10
2020,M09,September,,269.054,[{}],"{'net_changes': {}, 'pct_changes': {'1': '0.1', '3': '1.0', '6': '0.7', '12': '1.7'}}",CUUR0000SA0L1E,2020-09
2020,M08,August,,268.756,[{}],"{'net_changes': {}, 'pct_changes': {'1': '0.4', '3': '1.1', '6': '0.6', '12': '1.7'}}",CUUR0000SA0L1E,2020-08
2020,M07,July,,267.703,[{}],"{'net_changes': {}, 'pct_changes': {'1': '0.5', '3': '0.6', '6': '0.6', '12': '1.6'}}",CUUR0000SA0L1E,2020-07
2020,M06,June,,266.302,[{}],"{'net_changes': {}, 'pct_changes': {'1': '0.2', '3': '-0.4', '6': '0.5', '12': '1.2'}}",CUUR0000SA0L1E,2020-06
2020,M05,May,,265.799,[{}],"{'net_changes': {}, 'pct_changes': {'1': '-0.1', '3': '-0.5', '6': '0.3', '12': '1.2'}}",CUUR0000SA0L1E,2020-05
2020,M04,April,,266.089,[{}],"{'net_changes': {}, 'pct_changes': {'1': '-0.5', '3': '0.0', '6': '0.4', '12': '1.4'}}",CUUR0000SA0L1E,2020-04
2020,M03,March,,267.312,[{}],"{'net_changes': {}, 'pct_changes': {'1': '0.0', '3': '0.9', '6': '1.1', '12': '2.1'}}",CUUR0000SA0L1E,2020-03
2020,M02,February,,267.268,[{}],"{'net_changes': {}, 'pct_changes': {'1': '0.5', '3': '0.8', '6': '1.2', '12': '2.4'}}",CUUR0000SA0L1E,2020-02
2020,M01,January,,266.004,[{}],"{'net_changes': {}, 'pct_changes': {'1': '0.4', '3': '0.4', '6': '0.9', '12': '2.3'}}",CUUR0000SA0L1E,2020-01
2019,M12,December,,264.935,[{}],"{'net_changes': {}, 'pct_changes': {'1': '-0.1', '3': '0.2', '6': '0.7', '12': '2.3'}}",CUUR0000SA0L1E,2019-12
2019,M11,November,,265.108,[{}],"{'net_changes': {}, 'pct_changes': {'1': '0.0', '3': '0.4', '6': '1.0', '12': '2.3'}}",CUUR0000SA0L1E,2019-11
2019,M10,October,,265.059,[{}],"{'net_changes': {}, 'pct_changes': {'1': '0.2', '3': '0.6', '6': '1.0', '12': '2.3'}}",CUUR0000SA0L1E,2019-10
2019,M09,September,,264.522,[{}],"{'net_changes': {}, 'pct_changes': {'1': '0.1', '3': '0.5', '6': '1.0', '12': '2.4'}}",CUUR0000SA0L1E,2019-09
2019,M08,August,,264.169,[{}],"{'net_changes': {}, 'pct_changes': {'1': '0.2', '3': '0.6', '6': '1.2', '12': '2.4'}}",CUUR0000SA0L1E,2019-08
2019,M07,July,,263.566,[{}],"{'net_changes': {}, 'pct_changes': {'1': '0.1', '3': '0.5', '6': '1.3', '12': '2.2'}}",CUUR0000SA0L1E,2019-07
2019,M06,June,,263.177,[{}],"{'net_changes': {}, 'pct_changes': {'1': '0.2', '3': '0.5', '6': '1.6', '12': '2.1'}}",CUUR0000SA0L1E,2019-06
2019,M05,May,,262.59,[{}],"{'net_changes': {}, 'pct_changes': {'1': '0.1', '3': '0.6', '6': '1.3', '12': '2.0'}}",CUUR0000SA0L1E,2019-05
2019,M04,April,,262.332,[{}],"{'net_changes': {}, 'pct_changes': {'1': '0.2', '3': '0.8', '6': '1.3', '12': '2.1'}}",CUUR0000SA0L1E,2019-04
2019,M03,March,,261.836,[{}],"{'net_changes': {}, 'pct_changes': {'1': '0.3', '3': '1.1', '6': '1.3', '12': '2.0'}}",CUUR0000SA0L1E,2019-03
2019,M02,February,,261.114,[{}],"{'net_changes': {}, 'pct_changes': {'1': '0.4', '3': '0.8', '6': '1.2', '12': '2.1'}}",CUUR0000SA0L1E,2019-02
2019,M01,January,,260.122,[{}],"{'net_changes': {}, 'pct_changes': {'1': '0.4', '3': '0.4', '6': '0.9', '12': '2.2'}}",CUUR0000SA0L1E,2019-01
2018,M12,December,,259.083,[{}],"{'net_changes': {}, 'pct_changes': {'1': '0.0', '3': '0.3', '6': '0.5', '12': '2.2'}}",CUUR0000SA0L1E,2018-12
2018,M11,November,,259.105,[{}],"{'net_changes': {}, 'pct_changes': {'1': '0.0', '3': '0.4', '6': '0.6', '12': '2.2'}}",CUUR0000SA0L1E,2018-11
2018,M10,October,,259.063,[{}],"{'net_changes': {}, 'pct_changes': {'1': '0.2', '3': '0.5', '6': '0.8', '12': '2.1'}}",CUUR0000SA0L1E,2018-10
2018,M09,September,,258.429,[{}],"{'net_changes': {}, 'pct_changes': {'1': '0.2', '3': '0.3', '6': '0.7', '12': '2.2'}}",CUUR0000SA0L1E,2018-09
2018,M08,August,,258.012,[{}],"{'net_changes': {}, 'pct_changes': {'1': '0.1', '3': '0.2', '6': '0.9', '12': '2.2'}}",CUUR0000SA0L1E,2018-08
2018,M07,July,,257.867,[{}],"{'net_changes': {}, 'pct_changes': {'1': '0.1', '3': '0.3', '6': '1.3', '12': '2.4'}}",CUUR0000SA0L1E,2018-07
2018,M06,June,,257.697,[{}],"{'net_changes': {}, 'pct_changes': {'1': '0.1', '3': '0.4', '6': '1.6', '12': '2.3'}}",CUUR0000SA0L1E,2018-06
2018,M05,May,,257.469,[{}],"{'net_changes': {}, 'pct_changes': {'1': '0.2', '3': '0.7', '6': '1.6', '12': '2.2'}}",CUUR0000SA0L1E,2018-05
2018,M04,April,,257.025,[{}],"{'net_changes': {}, 'pct_changes': {'1': '0.2', '3': '0.9', '6': '1.3', '12': '2.1'}}",CUUR0000SA0L1E,2018-04
2018,M03,March,,256.61,[{}],"{'net_changes': {}, 'pct_changes': {'1': '0.3', '3': '1.2', '6': '1.5', '12': '2.1'}}",CUUR0000SA0L1E,2018-03
2018,M02,February,,255.783,[{}],"{'net_changes': {}, 'pct_changes': {'1': '0.4', '3': '0.9', '6': '1.3', '12': '1.8'}}",CUUR0000SA0L1E,2018-02
2018,M01,January,,254.638,[{}],"{'net_changes': {}, 'pct_changes': {'1': '0.4', '3': '0.4', '6': '1.1', '12': '1.8'}}",CUUR0000SA0L1E,2018-01
2023,M09,September,True,324.704,[{}],"{'net_changes': {}, 'pct_changes': {'1': '0.2', '3': '0.7', '6': '1.2', '12': '3.7'}}",CUUR0000SAF1,2023-09
2023,M08,August,,324.1,[{}],"{'net_changes': {}, 'pct_changes': {'1': '0.2', '3': '0.6', '6': '1.1', '12': '4.3'}}",CUUR0000SAF1,2023-08
2023,M07,July,,323.523,[{}],"{'net_changes': {}, 'pct_changes': {'1': '0.3', '3': '0.6', '6': '1.4', '12': '4.9'}}",CUUR0000SAF1,2023-07
2023,M06,June,,322.556,[{}],"{'net_changes': {}, 'pct_changes': {'1': '0.1', '3': '0.5', '6': '1.8', '12': '5.7'}}",CUUR0000SAF1,2023-06
2023,M05,May,,322.249,[{}],"{'net_changes': {}, 'pct_changes': {'1': '0.2', '3': '0.5', '6': '2.0', '12': '6.7'}}",CUUR0000SAF1,2023-05
2023,M04,April,,321.566,[{}],"{'net_changes': {}, 'pct_changes': {'1': '0.2', '3': '0.8', '6': '2.0', '12': '7.7'}}",CUUR0000SAF1,2023-04
2023,M03,March,,320.863,[{}],"{'net_changes': {}, 'pct_changes': {'1': '0.1', '3': '1.3', '6': '2.5', '12': '8.5'}}",CUUR0000SAF1,2023-03
2023,M02,February,,320.569,[{}],"{'net_changes': {}, 'pct_changes': {'1': '0.4', '3': '1.5', '6': '3.1', '12': '9.5'}}",CUUR0000SAF1,2023-02
2023,M01,January,,319.136,[{}],"{'net_changes': {}, 'pct_changes': {'1': '0.7', '3': '1.2', '6': '3.4', '12': '10.1'}}",CUUR0000SAF1,2023-01
2022,M12,December,,316.839,[{}],"{'net_changes': {}, 'pct_changes': {'1': '0.3', '3': '1.2', '6': '3.9', '12': '10.4'}}",CUUR0000SAF1,2022-12
2022,M11,November,,315.857,[{}],"{'net_changes': {}, 'pct_changes': {'1': '0.2', '3': '1.6', '6': '4.6', '12': '10.6'}}",CUUR0000SAF1,2022-11
2022,M10,October,,315.323,[{}],"{'net_changes': {}, 'pct_changes': {'1': '0.7', '3': '2.2', '6': '5.6', '12': '10.9'}}",CUUR0000SAF1,2022-10
2022,M09,September,,313.142,[{}],"{'net_changes': {}, 'pct_changes': {'1': '0.7', '3': '2.7', '6': '5.9', '12': '11.2'}}",CUUR0000SAF1,2022-09
2022,M08,August,,310.875,[{}],"{'net_changes': {}, 'pct_changes': {'1': '0.8', '3': '2.9', '6': '6.2', '12': '11.4'}}",CUUR0000SAF1,2022-08
2022,M07,July,,308.532,[{}],"{'net_changes': {}, 'pct_changes': {'1': '1.1', '3': '3.3', '6': '6.5', '12': '10.9'}}",CUUR0000SAF1,2022-07
2022,M06,June,,305.041,[{}],"{'net_changes': {}, 'pct_changes': {'1': '1.0', '3': '3.1', '6': '6.3', '12': '10.4'}}",CUUR0000SAF1,2022-06
2022,M05,May,,302.038,[{}],"{'net_changes': {}, 'pct_changes': {'1': '1.1', '3': '3.2', '6': '5.8', '12': '10.1'}}",CUUR0000SAF1,2022-05
2022,M04,April,,298.711,[{}],"{'net_changes': {}, 'pct_changes': {'1': '1.0', '3': '3.1', '6': '5.1', '12': '9.4'}}",CUUR0000SAF1,2022-04
2022,M03,March,,295.728,[{}],"{'net_changes': {}, 'pct_changes': {'1': '1.0', '3': '3.1', '6': '5.1', '12': '8.8'}}",CUUR0000SAF1,2022-03
2022,M02,February,,292.794,[{}],"{'net_changes': {}, 'pct_changes': {'1': '1.0', '3': '2.6', '6': '4.9', '12': '7.9'}}",CUUR0000SAF1,2022-02
2022,M01,January,,289.772,[{}],"{'net_changes': {}, 'pct_changes': {'1': '1.0', '3': '2.0', '6': '4.2', '12': '7.0'}}",CUUR0000SAF1,2022-01
2021,M12,December,,286.966,[{}],"{'net_changes': {}, 'pct_changes': {'1': '0.5', '3': '1.9', '6': '3.9', '12': '6.3'}}",CUUR0000SAF1,2021-12
2021,M11,November,,285.507,[{}],"{'net_changes': {}, 'pct_changes': {'1': '0.5', '3': '2.3', '6': '4.1', '12': '6.1'}}",CUUR0000SAF1,2021-11
2021,M10,October,,284.205,[{}],"{'net_changes': {}, 'pct_changes': {'1': '1.0', '3': '2.2', '6': '4.1', '12': '5.3'}}",CUUR0000SAF1,2021-10
2021,M09,September,,281.506,[{}],"{'net_changes': {}, 'pct_changes': {'1': '0.8', '3': '1.9', '6': '3.6', '12': '4.6'}}",CUUR0000SAF1,2021-09
2021,M08,August,,279.135,[{}],"{'net_changes': {}, 'pct_changes': {'1': '0.4', '3': '1.8', '6': '2.9', '12': '3.7'}}",CUUR0000SAF1,2021-08
2021,M07,July,,278.127,[{}],"{'net_changes': {}, 'pct_changes': {'1': '0.7', '3': '1.8', '6': '2.7', '12': '3.4'}}",CUUR0000SAF1,2021-07
2021,M06,June,,276.206,[{}],"{'net_changes': {}, 'pct_changes': {'1': '0.7', '3': '1.6', '6': '2.3', '12': '2.4'}}",CUUR0000SAF1,2021-06
2021,M05,May,,274.212,[{}],"{'net_changes': {}, 'pct_changes': {'1': '0.4', '3': '1.0', '6': '1.9', '12': '2.2'}}",CUUR0000SAF1,2021-05
2021,M04,April,,273.09,[{}],"{'net_changes': {}, 'pct_changes': {'1': '0.5', '3': '0.8', '6': '1.2', '12': '2.4'}}",CUUR0000SAF1,2021-04
2021,M03,March,,271.812,[{}],"{'net_changes': {}, 'pct_changes': {'1': '0.2', '3': '0.7', '6': '1.0', '12': '3.5'}}",CUUR0000SAF1,2021-03
2021,M02,February,,271.363,[{}],"{'net_changes': {}, 'pct_changes': {'1': '0.2', '3': '0.9', '6': '0.8', '12': '3.6'}}",CUUR0000SAF1,2021-02
2021,M01,January,,270.938,[{}],"{'net_changes': {}, 'pct_changes': {'1': '0.3', '3': '0.4', '6': '0.8', '12': '3.8'}}",CUUR0000SAF1,2021-01
2020,M12,December,,270.023,[{}],"{'net_changes': {}, 'pct_changes': {'1': '0.4', '3': '0.3', '6': '0.1', '12': '3.9'}}",CUUR0000SAF1,2020-12
2020,M11,November,,269.069,[{}],"{'net_changes': {}, 'pct_changes': {'1': '-0.3', '3': '0.0', '6': '0.2', '12': '3.7'}}",CUUR0000SAF1,2020-11
2020,M10,October,,269.828,[{}],"{'net_changes': {}, 'pct_changes': {'1': '0.2', '3': '0.4', '6': '1.2', '12': '3.9'}}",CUUR0000SAF1,2020-10
2020,M09,September,,269.163,[{}],"{'net_changes': {}, 'pct_changes': {'1': '0.0', '3': '-0.2', '6': '2.5', '12': '3.9'}}",CUUR0000SAF1,2020-09
2020,M08,August,,269.079,[{}],"{'net_changes': {}, 'pct_changes': {'1': '0.1', '3': '0.2', '6': '2.8', '12': '4.1'}}",CUUR0000SAF1,2020-08
2020,M07,July,,268.863,[{}],"{'net_changes': {}, 'pct_changes': {'1': '-0.3', '3': '0.8', '6': '3.0', '12': '4.1'}}",CUUR0000SAF1,2020-07
2020,M06,June,,269.77,[{}],"{'net_changes': {}, 'pct_changes': {'1': '0.5', '3': '2.7', '6': '3.8', '12': '4.5'}}",CUUR0000SAF1,2020-06
2020,M05,May,,268.439,[{}],"{'net_changes': {}, 'pct_changes': {'1': '0.6', '3': '2.5', '6': '3.5', '12': '4.0'}}",CUUR0000SAF1,2020-05
2020,M04,April,,266.757,[{}],"{'net_changes': {}, 'pct_changes': {'1': '1.5', '3': '2.2', '6': '2.7', '12': '3.5'}}",CUUR0000SAF1,2020-04
2020,M03,March,,262.708,[{}],"{'net_changes': {}, 'pct_changes': {'1': '0.3', '3': '1.1', '6': '1.5', '12': '1.9'}}",CUUR0000SAF1,2020-03
2020,M02,February,,261.876,[{}],"{'net_changes': {}, 'pct_changes': {'1': '0.3', '3': '0.9', '6': '1.3', '12': '1.8'}}",CUUR0000SAF1,2020-02
2020,M01,January,,261.057,[{}],"{'net_changes': {}, 'pct_changes': {'1': '0.5', '3': '0.5', '6': '1.1', '12': '1.8'}}",CUUR0000SAF1,2020-01
2019,M12,December,,259.823,[{}],"{'net_changes': {}, 'pct_changes': {'1': '0.1', '3': '0.3', '6': '0.7', '12': '1.8'}}",CUUR0000SAF1,2019-12
2019,M11,November,,259.467,[{}],"{'net_changes': {}, 'pct_changes': {'1': '-0.1', '3': '0.4', '6': '0.5', '12': '2.0'}}",CUUR0000SAF1,2019-11
2019,M10,October,,259.632,[{}],"{'net_changes': {}, 'pct_changes': {'1': '0.3', '3': '0.5', '6': '0.7', '12': '2.1'}}",CUUR0000SAF1,2019-10
2019,M09,September,,258.943,[{}],"{'net_changes': {}, 'pct_changes': {'1': '0.2', '3': '0.3', '6': '0.5', '12': '1.8'}}",CUUR0000SAF1,2019-09
2019,M08,August,,258.41,[{}],"{'net_changes': {}, 'pct_changes': {'1': '0.1', '3': '0.1', '6': '0.5', '12': '1.7'}}",CUUR0000SAF1,2019-08
2019,M07,July,,258.274,[{}],"{'net_changes': {}, 'pct_changes': {'1': '0.1', '3': '0.2', '6': '0.7', '12': '1.8'}}",CUUR0000SAF1,2019-07
2019,M06,June,,258.064,[{}],"{'net_changes': {}, 'pct_changes': {'1': '0.0', '3': '0.1', '6': '1.1', '12': '1.9'}}",CUUR0000SAF1,2019-06
2019,M05,May,,258.11,[{}],"{'net_changes': {}, 'pct_changes': {'1': '0.2', '3': '0.3', '6': '1.5', '12': '2.0'}}",CUUR0000SAF1,2019-05
2019,M04,April,,257.708,[{}],"{'net_changes': {}, 'pct_changes': {'1': '0.0', '3': '0.5', '6': '1.3', '12': '1.8'}}",CUUR0000SAF1,2019-04
2019,M03,March,,257.724,[{}],"{'net_changes': {}, 'pct_changes': {'1': '0.2', '3': '1.0', '6': '1.3', '12': '2.1'}}",CUUR0000SAF1,2019-03
2019,M02,February,,257.222,[{}],"{'net_changes': {}, 'pct_changes': {'1': '0.3', '3': '1.1', '6': '1.2', '12': '2.0'}}",CUUR0000SAF1,2019-02
2019,M01,January,,256.417,[{}],"{'net_changes': {}, 'pct_changes': {'1': '0.5', '3': '0.8', '6': '1.1', '12': '1.6'}}",CUUR0000SAF1,2019-01
2018,M12,December,,255.21,[{}],"{'net_changes': {}, 'pct_changes': {'1': '0.3', '3': '0.3', '6': '0.8', '12': '1.6'}}",CUUR0000SAF1,2018-12
2018,M11,November,,254.379,[{}],"{'net_changes': {}, 'pct_changes': {'1': '0.0', '3': '0.1', '6': '0.5', '12': '1.4'}}",CUUR0000SAF1,2018-11
2018,M10,October,,254.358,[{}],"{'net_changes': {}, 'pct_changes': {'1': '0.0', '3': '0.2', '6': '0.5', '12': '1.2'}}",CUUR0000SAF1,2018-10
2018,M09,September,,254.393,[{}],"{'net_changes': {}, 'pct_changes': {'1': '0.1', '3': '0.5', '6': '0.8', '12': '1.4'}}",CUUR0000SAF1,2018-09
2018,M08,August,,254.077,[{}],"{'net_changes': {}, 'pct_changes': {'1': '0.1', '3': '0.4', '6': '0.7', '12': '1.4'}}",CUUR0000SAF1,2018-08
2018,M07,July,,253.746,[{}],"{'net_changes': {}, 'pct_changes': {'1': '0.2', '3': '0.2', '6': '0.5', '12': '1.4'}}",CUUR0000SAF1,2018-07
2018,M06,June,,253.231,[{}],"{'net_changes': {}, 'pct_changes': {'1': '0.1', '3': '0.3', '6': '0.8', '12': '1.4'}}",CUUR0000SAF1,2018-06
2018,M05,May,,253.098,[{}],"{'net_changes': {}, 'pct_changes': {'1': '0.0', '3': '0.3', '6': '0.9', '12': '1.2'}}",CUUR0000SAF1,2018-05
2018,M04,April,,253.209,[{}],"{'net_changes': {}, 'pct_changes': {'1': '0.3', '3': '0.3', '6': '0.7', '12': '1.4'}}",CUUR0000SAF1,2018-04
2018,M03,March,,252.37,[{}],"{'net_changes': {}, 'pct_changes': {'1': '0.0', '3': '0.5', '6': '0.5', '12': '1.3'}}",CUUR0000SAF1,2018-03
2018,M02,February,,252.266,[{}],"{'net_changes': {}, 'pct_changes': {'1': '0.0', '3': '0.6', '6': '0.7', '12': '1.4'}}",CUUR0000SAF1,2018-02
2018,M01,January,,252.361,[{}],"{'net_changes': {}, 'pct_changes': {'1': '0.4', '3': '0.4', '6': '0.9', '12': '1.7'}}",CUUR0000SAF1,2018-01
2023,M09,September,True,296.004,[{}],"{'net_changes': {}, 'pct_changes': {'1': '0.6', '3': '4.3', '6': '6.1', '12': '-0.5'}}",CUUR0000SA0E,2023-09
2023,M08,August,,294.328,[{}],"{'net_changes': {}, 'pct_changes': {'1': '3.3', '3': '5.2', '6': '4.5', '12': '-3.6'}}",CUUR0000SA0E,2023-08
2023,M07,July,,284.828,[{}],"{'net_changes': {}, 'pct_changes': {'1': '0.3', '3': '0.5', '6': '0.5', '12': '-12.5'}}",CUUR0000SA0E,2023-07
2023,M06,June,,283.854,[{}],"{'net_changes': {}, 'pct_changes': {'1': '1.4', '3': '1.7', '6': '3.2', '12': '-16.7'}}",CUUR0000SA0E,2023-06
2023,M05,May,,279.816,[{}],"{'net_changes': {}, 'pct_changes': {'1': '-1.2', '3': '-0.7', '6': '-4.5', '12': '-11.7'}}",CUUR0000SA0E,2023-05
2023,M04,April,,283.352,[{}],"{'net_changes': {}, 'pct_changes': {'1': '1.5', '3': '0.0', '6': '-5.7', '12': '-5.1'}}",CUUR0000SA0E,2023-04
2023,M03,March,,279.084,[{}],"{'net_changes': {}, 'pct_changes': {'1': '-0.9', '3': '1.5', '6': '-6.1', '12': '-6.4'}}",CUUR0000SA0E,2023-03
2023,M02,February,,281.673,[{}],"{'net_changes': {}, 'pct_changes': {'1': '-0.6', '3': '-3.9', '6': '-7.8', '12': '5.2'}}",CUUR0000SA0E,2023-02
2023,M01,January,,283.33,[{}],"{'net_changes': {}, 'pct_changes': {'1': '3.1', '3': '-5.7', '6': '-12.9', '12': '8.7'}}",CUUR0000SA0E,2023-01
2022,M12,December,,274.937,[{}],"{'net_changes': {}, 'pct_changes': {'1': '-6.1', '3': '-7.5', '6': '-19.4', '12': '7.3'}}",CUUR0000SA0E,2022-12
2022,M11,November,,292.953,[{}],"{'net_changes': {}, 'pct_changes': {'1': '-2.5', '3': '-4.1', '6': '-7.5', '12': '13.1'}}",CUUR0000SA0E,2022-11
2022,M10,October,,300.359,[{}],"{'net_changes': {}, 'pct_changes': {'1': '1.0', '3': '-7.7', '6': '0.6', '12': '17.6'}}",CUUR0000SA0E,2022-10
2022,M09,September,,297.343,[{}],"{'net_changes': {}, 'pct_changes': {'1': '-2.6', '3': '-12.8', '6': '-0.3', '12': '19.8'}}",CUUR0000SA0E,2022-09
2022,M08,August,,305.372,[{}],"{'net_changes': {}, 'pct_changes': {'1': '-6.2', '3': '-3.6', '6': '14.0', '12': '23.8'}}",CUUR0000SA0E,2022-08
2022,M07,July,,325.407,[{}],"{'net_changes': {}, 'pct_changes': {'1': '-4.5', '3': '9.0', '6': '24.8', '12': '32.9'}}",CUUR0000SA0E,2022-07
2022,M06,June,,340.917,[{}],"{'net_changes': {}, 'pct_changes': {'1': '7.6', '3': '14.3', '6': '33.1', '12': '41.6'}}",CUUR0000SA0E,2022-06
2022,M05,May,,316.761,[{}],"{'net_changes': {}, 'pct_changes': {'1': '6.1', '3': '18.3', '6': '22.3', '12': '34.6'}}",CUUR0000SA0E,2022-05
2022,M04,April,,298.469,[{}],"{'net_changes': {}, 'pct_changes': {'1': '0.1', '3': '14.5', '6': '16.9', '12': '30.3'}}",CUUR0000SA0E,2022-04
2022,M03,March,,298.246,[{}],"{'net_changes': {}, 'pct_changes': {'1': '11.4', '3': '16.4', '6': '20.2', '12': '32.0'}}",CUUR0000SA0E,2022-03
2022,M02,February,,267.771,[{}],"{'net_changes': {}, 'pct_changes': {'1': '2.7', '3': '3.3', '6': '8.6', '12': '25.6'}}",CUUR0000SA0E,2022-02
2022,M01,January,,260.653,[{}],"{'net_changes': {}, 'pct_changes': {'1': '1.7', '3': '2.1', '6': '6.5', '12': '27.0'}}",CUUR0000SA0E,2022-01
2021,M12,December,,256.207,[{}],"{'net_changes': {}, 'pct_changes': {'1': '-1.1', '3': '3.2', '6': '6.4', '12': '29.3'}}",CUUR0000SA0E,2021-12
2021,M11,November,,259.1,[{}],"{'net_changes': {}, 'pct_changes': {'1': '1.5', '3': '5.1', '6': '10.1', '12': '33.3'}}",CUUR0000SA0E,2021-11
2021,M10,October,,255.338,[{}],"{'net_changes': {}, 'pct_changes': {'1': '2.9', '3': '4.3', '6': '11.4', '12': '30.0'}}",CUUR0000SA0E,2021-10
2021,M09,September,,248.228,[{}],"{'net_changes': {}, 'pct_changes': {'1': '0.6', '3': '3.1', '6': '9.9', '12': '24.8'}}",CUUR0000SA0E,2021-09
2021,M08,August,,246.639,[{}],"{'net_changes': {}, 'pct_changes': {'1': '0.8', '3': '4.8', '6': '15.6', '12': '25.0'}}",CUUR0000SA0E,2021-08
2021,M07,July,,244.8,[{}],"{'net_changes': {}, 'pct_changes': {'1': '1.7', '3': '6.8', '6': '19.3', '12': '23.8'}}",CUUR0000SA0E,2021-07
2021,M06,June,,240.72,[{}],"{'net_changes': {}, 'pct_changes': {'1': '2.3', '3': '6.6', '6': '21.5', '12': '24.5'}}",CUUR0000SA0E,2021-06
2021,M05,May,,235.339,[{}],"{'net_changes': {}, 'pct_changes': {'1': '2.7', '3': '10.3', '6': '21.1', '12': '28.5'}}",CUUR0000SA0E,2021-05
2021,M04,April,,229.116,[{}],"{'net_changes': {}, 'pct_changes': {'1': '1.4', '3': '11.6', '6': '16.6', '12': '25.1'}}",CUUR0000SA0E,2021-04
2021,M03,March,,225.861,[{}],"{'net_changes': {}, 'pct_changes': {'1': '5.9', '3': '14.0', '6': '13.6', '12': '13.2'}}",CUUR0000SA0E,2021-03
2021,M02,February,,213.277,[{}],"{'net_changes': {}, 'pct_changes': {'1': '3.9', '3': '9.7', '6': '8.1', '12': '2.4'}}",CUUR0000SA0E,2021-02
2021,M01,January,,205.273,[{}],"{'net_changes': {}, 'pct_changes': {'1': '3.6', '3': '4.5', '6': '3.8', '12': '-3.6'}}",CUUR0000SA0E,2021-01
2020,M12,December,,198.155,[{}],"{'net_changes': {}, 'pct_changes': {'1': '1.9', '3': '-0.4', '6': '2.5', '12': '-7.0'}}",CUUR0000SA0E,2020-12
2020,M11,November,,194.388,[{}],"{'net_changes': {}, 'pct_changes': {'1': '-1.1', '3': '-1.5', '6': '6.2', '12': '-9.4'}}",CUUR0000SA0E,2020-11
2020,M10,October,,196.458,[{}],"{'net_changes': {}, 'pct_changes': {'1': '-1.2', '3': '-0.6', '6': '7.3', '12': '-9.2'}}",CUUR0000SA0E,2020-10
2020,M09,September,,198.858,[{}],"{'net_changes': {}, 'pct_changes': {'1': '0.8', '3': '2.8', '6': '-0.4', '12': '-7.7'}}",CUUR0000SA0E,2020-09
2020,M08,August,,197.362,[{}],"{'net_changes': {}, 'pct_changes': {'1': '-0.2', '3': '7.8', '6': '-5.3', '12': '-9.0'}}",CUUR0000SA0E,2020-08
2020,M07,July,,197.665,[{}],"{'net_changes': {}, 'pct_changes': {'1': '2.2', '3': '8.0', '6': '-7.2', '12': '-11.2'}}",CUUR0000SA0E,2020-07
2020,M06,June,,193.379,[{}],"{'net_changes': {}, 'pct_changes': {'1': '5.6', '3': '-3.1', '6': '-9.2', '12': '-12.6'}}",CUUR0000SA0E,2020-06
2020,M05,May,,183.076,[{}],"{'net_changes': {}, 'pct_changes': {'1': '0.0', '3': '-12.1', '6': '-14.7', '12': '-18.9'}}",CUUR0000SA0E,2020-05
2020,M04,April,,183.081,[{}],"{'net_changes': {}, 'pct_changes': {'1': '-8.3', '3': '-14.1', '6': '-15.4', '12': '-17.7'}}",CUUR0000SA0E,2020-04
2020,M03,March,,199.573,[{}],"{'net_changes': {}, 'pct_changes': {'1': '-4.2', '3': '-6.3', '6': '-7.4', '12': '-5.7'}}",CUUR0000SA0E,2020-03
2020,M02,February,,208.354,[{}],"{'net_changes': {}, 'pct_changes': {'1': '-2.2', '3': '-2.9', '6': '-4.0', '12': '2.8'}}",CUUR0000SA0E,2020-02
2020,M01,January,,213.043,[{}],"{'net_changes': {}, 'pct_changes': {'1': '0.0', '3': '-1.5', '6': '-4.2', '12': '6.2'}}",CUUR0000SA0E,2020-01
2019,M12,December,,212.982,[{}],"{'net_changes': {}, 'pct_changes': {'1': '-0.8', '3': '-1.1', '6': '-3.8', '12': '3.4'}}",CUUR0000SA0E,2019-12
2019,M11,November,,214.636,[{}],"{'net_changes': {}, 'pct_changes': {'1': '-0.8', '3': '-1.1', '6': '-4.9', '12': '-0.6'}}",CUUR0000SA0E,2019-11
2019,M10,October,,216.351,[{}],"{'net_changes': {}, 'pct_changes': {'1': '0.4', '3': '-2.8', '6': '-2.8', '12': '-4.2'}}",CUUR0000SA0E,2019-10
2019,M09,September,,215.418,[{}],"{'net_changes': {}, 'pct_changes': {'1': '-0.7', '3': '-2.7', '6': '1.7', '12': '-4.8'}}",CUUR0000SA0E,2019-09
2019,M08,August,,216.978,[{}],"{'net_changes': {}, 'pct_changes': {'1': '-2.5', '3': '-3.9', '6': '7.0', '12': '-4.4'}}",CUUR0000SA0E,2019-08
2019,M07,July,,222.492,[{}],"{'net_changes': {}, 'pct_changes': {'1': '0.5', '3': '0.0', '6': '10.9', '12': '-2.0'}}",CUUR0000SA0E,2019-07
2019,M06,June,,221.373,[{}],"{'net_changes': {}, 'pct_changes': {'1': '-1.9', '3': '4.6', '6': '7.5', '12': '-3.4'}}",CUUR0000SA0E,2019-06
2019,M05,May,,225.773,[{}],"{'net_changes': {}, 'pct_changes': {'1': '1.5', '3': '11.4', '6': '4.6', '12': '-0.5'}}",CUUR0000SA0E,2019-05
2019,M04,April,,222.499,[{}],"{'net_changes': {}, 'pct_changes': {'1': '5.1', '3': '10.9', '6': '-1.4', '12': '1.7'}}",CUUR0000SA0E,2019-04
2019,M03,March,,211.724,[{}],"{'net_changes': {}, 'pct_changes': {'1': '4.4', '3': '2.8', '6': '-6.4', '12': '-0.4'}}",CUUR0000SA0E,2019-03
2019,M02,February,,202.74,[{}],"{'net_changes': {}, 'pct_changes': {'1': '1.1', '3': '-6.1', '6': '-10.7', '12': '-5.0'}}",CUUR0000SA0E,2019-02
2019,M01,January,,200.563,[{}],"{'net_changes': {}, 'pct_changes': {'1': '-2.6', '3': '-11.2', '6': '-11.7', '12': '-4.8'}}",CUUR0000SA0E,2019-01
2018,M12,December,,205.905,[{}],"{'net_changes': {}, 'pct_changes': {'1': '-4.6', '3': '-9.0', '6': '-10.1', '12': '-0.3'}}",CUUR0000SA0E,2018-12
2018,M11,November,,215.91,[{}],"{'net_changes': {}, 'pct_changes': {'1': '-4.4', '3': '-4.9', '6': '-4.8', '12': '3.1'}}",CUUR0000SA0E,2018-11
2018,M10,October,,225.757,[{}],"{'net_changes': {}, 'pct_changes': {'1': '-0.2', '3': '-0.6', '6': '3.2', '12': '8.9'}}",CUUR0000SA0E,2018-10
2018,M09,September,,226.165,[{}],"{'net_changes': {}, 'pct_changes': {'1': '-0.3', '3': '-1.3', '6': '6.4', '12': '4.8'}}",CUUR0000SA0E,2018-09
2018,M08,August,,226.939,[{}],"{'net_changes': {}, 'pct_changes': {'1': '-0.1', '3': '0.1', '6': '6.3', '12': '10.2'}}",CUUR0000SA0E,2018-08
2018,M07,July,,227.107,[{}],"{'net_changes': {}, 'pct_changes': {'1': '-0.9', '3': '3.8', '6': '7.8', '12': '12.1'}}",CUUR0000SA0E,2018-07
2018,M06,June,,229.137,[{}],"{'net_changes': {}, 'pct_changes': {'1': '1.0', '3': '7.8', '6': '10.9', '12': '12.0'}}",CUUR0000SA0E,2018-06
2018,M05,May,,226.81,[{}],"{'net_changes': {}, 'pct_changes': {'1': '3.6', '3': '6.2', '6': '8.3', '12': '11.7'}}",CUUR0000SA0E,2018-05
2018,M04,April,,218.83,[{}],"{'net_changes': {}, 'pct_changes': {'1': '3.0', '3': '3.9', '6': '5.6', '12': '7.9'}}",CUUR0000SA0E,2018-04
2018,M03,March,,212.554,[{}],"{'net_changes': {}, 'pct_changes': {'1': '-0.5', '3': '2.9', '6': '-1.5', '12': '7.0'}}",CUUR0000SA0E,2018-03
2018,M02,February,,213.519,[{}],"{'net_changes': {}, 'pct_changes': {'1': '1.4', '3': '2.0', '6': '3.7', '12': '7.7'}}",CUUR0000SA0E,2018-02
2018,M01,January,,210.663,[{}],"{'net_changes': {}, 'pct_changes': {'1': '2.0', '3': '1.6', '6': '4.0', '12': '5.5'}}",CUUR0000SA0E,2018-01
2023,M09,September,True,338.893,[{}],"{'net_changes': {}, 'pct_changes': {'1': '0.6', '3': '7.2', '6': '12.0', '12': '3.0'}}",CUUR0000SETB01,2023-09
2023,M08,August,,336.979,[{}],"{'net_changes': {}, 'pct_changes': {'1': '5.9', '3': '7.3', '6': '12.4', '12': '-3.3'}}",CUUR0000SETB01,2023-08
2023,M07,July,,318.071,[{}],"{'net_changes': {}, 'pct_changes': {'1': '0.6', '3': '-0.1', '6': '7.9', '12': '-19.9'}}",CUUR0000SETB01,2023-07
2023,M06,June,,316.258,[{}],"{'net_changes': {}, 'pct_changes': {'1': '0.7', '3': '4.5', '6': '10.7', '12': '-26.5'}}",CUUR0000SETB01,2023-06
2023,M05,May,,314.116,[{}],"{'net_changes': {}, 'pct_changes': {'1': '-1.4', '3': '4.8', '6': '-3.8', '12': '-19.7'}}",CUUR0000SETB01,2023-05
2023,M04,April,,318.482,[{}],"{'net_changes': {}, 'pct_changes': {'1': '5.2', '3': '8.0', '6': '-6.1', '12': '-12.2'}}",CUUR0000SETB01,2023-04
2023,M03,March,,302.673,[{}],"{'net_changes': {}, 'pct_changes': {'1': '1.0', '3': '5.9', '6': '-8.0', '12': '-17.4'}}",CUUR0000SETB01,2023-03
2023,M02,February,,299.774,[{}],"{'net_changes': {}, 'pct_changes': {'1': '1.7', '3': '-8.2', '6': '-14.0', '12': '-2.0'}}",CUUR0000SETB01,2023-02
2023,M01,January,,294.759,[{}],"{'net_changes': {}, 'pct_changes': {'1': '3.2', '3': '-13.1', '6': '-25.7', '12': '1.5'}}",CUUR0000SETB01,2023-01
2022,M12,December,,285.757,[{}],"{'net_changes': {}, 'pct_changes': {'1': '-12.5', '3': '-13.1', '6': '-33.6', '12': '-1.5'}}",CUUR0000SETB01,2022-12
2022,M11,November,,326.649,[{}],"{'net_changes': {}, 'pct_changes': {'1': '-3.6', '3': '-6.3', '6': '-16.5', '12': '10.1'}}",CUUR0000SETB01,2022-11
2022,M10,October,,339.017,[{}],"{'net_changes': {}, 'pct_changes': {'1': '3.1', '3': '-14.6', '6': '-6.6', '12': '17.5'}}",CUUR0000SETB01,2022-10
2022,M09,September,,328.918,[{}],"{'net_changes': {}, 'pct_changes': {'1': '-5.6', '3': '-23.5', '6': '-10.3', '12': '18.2'}}",CUUR0000SETB01,2022-09
2022,M08,August,,348.593,[{}],"{'net_changes': {}, 'pct_changes': {'1': '-12.2', '3': '-10.9', '6': '13.9', '12': '25.6'}}",CUUR0000SETB01,2022-08
2022,M07,July,,396.952,[{}],"{'net_changes': {}, 'pct_changes': {'1': '-7.7', '3': '9.4', '6': '36.7', '12': '44.0'}}",CUUR0000SETB01,2022-07
2022,M06,June,,430.142,[{}],"{'net_changes': {}, 'pct_changes': {'1': '9.9', '3': '17.4', '6': '48.2', '12': '59.9'}}",CUUR0000SETB01,2022-06
2022,M05,May,,391.262,[{}],"{'net_changes': {}, 'pct_changes': {'1': '7.8', '3': '27.9', '6': '31.9', '12': '48.7'}}",CUUR0000SETB01,2022-05
2022,M04,April,,362.802,[{}],"{'net_changes': {}, 'pct_changes': {'1': '-1.0', '3': '24.9', '6': '25.8', '12': '43.6'}}",CUUR0000SETB01,2022-04
2022,M03,March,,366.499,[{}],"{'net_changes': {}, 'pct_changes': {'1': '19.8', '3': '26.3', '6': '31.7', '12': '48.0'}}",CUUR0000SETB01,2022-03
2022,M02,February,,305.959,[{}],"{'net_changes': {}, 'pct_changes': {'1': '5.4', '3': '3.2', '6': '10.3', '12': '38.0'}}",CUUR0000SETB01,2022-02
2022,M01,January,,290.416,[{}],"{'net_changes': {}, 'pct_changes': {'1': '0.1', '3': '0.7', '6': '5.4', '12': '40.0'}}",CUUR0000SETB01,2022-01
2021,M12,December,,290.185,[{}],"{'net_changes': {}, 'pct_changes': {'1': '-2.2', '3': '4.3', '6': '7.9', '12': '49.6'}}",CUUR0000SETB01,2021-12
2021,M11,November,,296.571,[{}],"{'net_changes': {}, 'pct_changes': {'1': '2.8', '3': '6.9', '6': '12.7', '12': '58.1'}}",CUUR0000SETB01,2021-11
2021,M10,October,,288.501,[{}],"{'net_changes': {}, 'pct_changes': {'1': '3.7', '3': '4.7', '6': '14.2', '12': '49.6'}}",CUUR0000SETB01,2021-10
2021,M09,September,,278.338,[{}],"{'net_changes': {}, 'pct_changes': {'1': '0.3', '3': '3.5', '6': '12.4', '12': '42.1'}}",CUUR0000SETB01,2021-09
2021,M08,August,,277.448,[{}],"{'net_changes': {}, 'pct_changes': {'1': '0.7', '3': '5.4', '6': '25.2', '12': '42.7'}}",CUUR0000SETB01,2021-08
2021,M07,July,,275.656,[{}],"{'net_changes': {}, 'pct_changes': {'1': '2.5', '3': '9.1', '6': '32.9', '12': '41.8'}}",CUUR0000SETB01,2021-07
2021,M06,June,,268.979,[{}],"{'net_changes': {}, 'pct_changes': {'1': '2.2', '3': '8.6', '6': '38.7', '12': '45.1'}}",CUUR0000SETB01,2021-06
2021,M05,May,,263.17,[{}],"{'net_changes': {}, 'pct_changes': {'1': '4.2', '3': '18.7', '6': '40.3', '12': '56.2'}}",CUUR0000SETB01,2021-05
2021,M04,April,,252.603,[{}],"{'net_changes': {}, 'pct_changes': {'1': '2.0', '3': '21.8', '6': '31.0', '12': '49.6'}}",CUUR0000SETB01,2021-04
2021,M03,March,,247.652,[{}],"{'net_changes': {}, 'pct_changes': {'1': '11.7', '3': '27.7', '6': '26.4', '12': '22.5'}}",CUUR0000SETB01,2021-03
2021,M02,February,,221.689,[{}],"{'net_changes': {}, 'pct_changes': {'1': '6.9', '3': '18.2', '6': '14.0', '12': '1.5'}}",CUUR0000SETB01,2021-02
2021,M01,January,,207.406,[{}],"{'net_changes': {}, 'pct_changes': {'1': '6.9', '3': '7.6', '6': '6.7', '12': '-8.6'}}",CUUR0000SETB01,2021-01
2020,M12,December,,193.99,[{}],"{'net_changes': {}, 'pct_changes': {'1': '3.4', '3': '-1.0', '6': '4.6', '12': '-15.2'}}",CUUR0000SETB01,2020-12
2020,M11,November,,187.609,[{}],"{'net_changes': {}, 'pct_changes': {'1': '-2.7', '3': '-3.5', '6': '11.3', '12': '-19.3'}}",CUUR0000SETB01,2020-11
2020,M10,October,,192.792,[{}],"{'net_changes': {}, 'pct_changes': {'1': '-1.6', '3': '-0.8', '6': '14.2', '12': '-18.0'}}",CUUR0000SETB01,2020-10
2020,M09,September,,195.888,[{}],"{'net_changes': {}, 'pct_changes': {'1': '0.7', '3': '5.6', '6': '-3.1', '12': '-15.4'}}",CUUR0000SETB01,2020-09
2020,M08,August,,194.449,[{}],"{'net_changes': {}, 'pct_changes': {'1': '0.0', '3': '15.4', '6': '-11.0', '12': '-16.8'}}",CUUR0000SETB01,2020-08
2020,M07,July,,194.397,[{}],"{'net_changes': {}, 'pct_changes': {'1': '4.8', '3': '15.1', '6': '-14.4', '12': '-20.3'}}",CUUR0000SETB01,2020-07
2020,M06,June,,185.422,[{}],"{'net_changes': {}, 'pct_changes': {'1': '10.0', '3': '-8.3', '6': '-19.0', '12': '-23.4'}}",CUUR0000SETB01,2020-06
2020,M05,May,,168.528,[{}],"{'net_changes': {}, 'pct_changes': {'1': '-0.2', '3': '-22.8', '6': '-27.5', '12': '-33.8'}}",CUUR0000SETB01,2020-05
2020,M04,April,,168.891,[{}],"{'net_changes': {}, 'pct_changes': {'1': '-16.5', '3': '-25.6', '6': '-28.2', '12': '-32.0'}}",CUUR0000SETB01,2020-04
2020,M03,March,,202.205,[{}],"{'net_changes': {}, 'pct_changes': {'1': '-7.4', '3': '-11.6', '6': '-12.7', '12': '-10.2'}}",CUUR0000SETB01,2020-03
2020,M02,February,,218.373,[{}],"{'net_changes': {}, 'pct_changes': {'1': '-3.8', '3': '-6.1', '6': '-6.5', '12': '5.6'}}",CUUR0000SETB01,2020-02
2020,M01,January,,227.01,[{}],"{'net_changes': {}, 'pct_changes': {'1': '-0.8', '3': '-3.5', '6': '-7.0', '12': '12.8'}}",CUUR0000SETB01,2020-01
2019,M12,December,,228.857,[{}],"{'net_changes': {}, 'pct_changes': {'1': '-1.6', '3': '-1.1', '6': '-5.4', '12': '7.9'}}",CUUR0000SETB01,2019-12
2019,M11,November,,232.575,[{}],"{'net_changes': {}, 'pct_changes': {'1': '-1.1', '3': '-0.4', '6': '-8.6', '12': '-1.2'}}",CUUR0000SETB01,2019-11
2019,M10,October,,235.168,[{}],"{'net_changes': {}, 'pct_changes': {'1': '1.6', '3': '-3.6', '6': '-5.4', '12': '-7.3'}}",CUUR0000SETB01,2019-10
2019,M09,September,,231.496,[{}],"{'net_changes': {}, 'pct_changes': {'1': '-0.9', '3': '-4.4', '6': '2.8', '12': '-8.2'}}",CUUR0000SETB01,2019-09
2019,M08,August,,233.625,[{}],"{'net_changes': {}, 'pct_changes': {'1': '-4.3', '3': '-8.2', '6': '13.0', '12': '-7.1'}}",CUUR0000SETB01,2019-08
2019,M07,July,,244.0,[{}],"{'net_changes': {}, 'pct_changes': {'1': '0.8', '3': '-1.8', '6': '21.3', '12': '-3.3'}}",CUUR0000SETB01,2019-07
2019,M06,June,,242.043,[{}],"{'net_changes': {}, 'pct_changes': {'1': '-4.9', '3': '7.4', '6': '14.1', '12': '-5.4'}}",CUUR0000SETB01,2019-06
2019,M05,May,,254.551,[{}],"{'net_changes': {}, 'pct_changes': {'1': '2.4', '3': '23.1', '6': '8.1', '12': '-0.2'}}",CUUR0000SETB01,2019-05
2019,M04,April,,248.499,[{}],"{'net_changes': {}, 'pct_changes': {'1': '10.3', '3': '23.5', '6': '-2.1', '12': '3.1'}}",CUUR0000SETB01,2019-04
2019,M03,March,,225.282,[{}],"{'net_changes': {}, 'pct_changes': {'1': '9.0', '3': '6.2', '6': '-10.7', '12': '-0.7'}}",CUUR0000SETB01,2019-03
2019,M02,February,,206.749,[{}],"{'net_changes': {}, 'pct_changes': {'1': '2.8', '3': '-12.2', '6': '-17.8', '12': '-9.1'}}",CUUR0000SETB01,2019-02
2019,M01,January,,201.194,[{}],"{'net_changes': {}, 'pct_changes': {'1': '-5.2', '3': '-20.7', '6': '-20.2', '12': '-10.1'}}",CUUR0000SETB01,2019-01
2018,M12,December,,212.152,[{}],"{'net_changes': {}, 'pct_changes': {'1': '-9.9', '3': '-15.9', '6': '-17.1', '12': '-2.1'}}",CUUR0000SETB01,2018-12
2018,M11,November,,235.381,[{}],"{'net_changes': {}, 'pct_changes': {'1': '-7.3', '3': '-6.4', '6': '-7.7', '12': '5.0'}}",CUUR0000SETB01,2018-11
2018,M10,October,,253.793,[{}],"{'net_changes': {}, 'pct_changes': {'1': '0.6', '3': '0.6', '6': '5.3', '12': '16.1'}}",CUUR0000SETB01,2018-10
2018,M09,September,,252.216,[{}],"{'net_changes': {}, 'pct_changes': {'1': '0.3', '3': '-1.4', '6': '11.2', '12': '9.1'}}",CUUR0000SETB01,2018-09
2018,M08,August,,251.367,[{}],"{'net_changes': {}, 'pct_changes': {'1': '-0.3', '3': '-1.5', '6': '10.5', '12': '20.3'}}",CUUR0000SETB01,2018-08
2018,M07,July,,252.232,[{}],"{'net_changes': {}, 'pct_changes': {'1': '-1.4', '3': '4.7', '6': '12.7', '12': '25.4'}}",CUUR0000SETB01,2018-07
2018,M06,June,,255.885,[{}],"{'net_changes': {}, 'pct_changes': {'1': '0.3', '3': '12.8', '6': '18.0', '12': '24.3'}}",CUUR0000SETB01,2018-06
2018,M05,May,,255.096,[{}],"{'net_changes': {}, 'pct_changes': {'1': '5.9', '3': '12.2', '6': '13.8', '12': '21.8'}}",CUUR0000SETB01,2018-05
2018,M04,April,,240.962,[{}],"{'net_changes': {}, 'pct_changes': {'1': '6.2', '3': '7.7', '6': '10.2', '12': '13.4'}}",CUUR0000SETB01,2018-04
2018,M03,March,,226.872,[{}],"{'net_changes': {}, 'pct_changes': {'1': '-0.2', '3': '4.7', '6': '-1.9', '12': '11.1'}}",CUUR0000SETB01,2018-03
2018,M02,February,,227.42,[{}],"{'net_changes': {}, 'pct_changes': {'1': '1.6', '3': '1.4', '6': '8.8', '12': '12.6'}}",CUUR0000SETB01,2018-02
2018,M01,January,,223.806,[{}],"{'net_changes': {}, 'pct_changes': {'1': '3.2', '3': '2.4', '6': '11.3', '12': '8.5'}}",CUUR0000SETB01,2018-01
2023,M09,September,True,548.431,[{}],"{'net_changes': {}, 'pct_changes': {'1': '0.1', '3': '0.2', '6': '0.1', '12': '-1.4'}}",CUUR0000SAM,2023-09
2023,M08,August,,548.082,[{}],"{'net_changes': {}, 'pct_changes': {'1': '0.3', '3': '0.1', '6': '-0.3', '12': '-1.0'}}",CUUR0000SAM,2023-08
2023,M07,July,,546.698,[{}],"{'net_changes': {}, 'pct_changes': {'1': '-0.1', '3': '-0.1', '6': '-0.9', '12': '-0.5'}}",CUUR0000SAM,2023-07
2023,M06,June,,547.432,[{}],"{'net_changes': {}, 'pct_changes': {'1': '0.0', '3': '-0.1', '6': '-0.6', '12': '0.1'}}",CUUR0000SAM,2023-06
2023,M05,May,,547.42,[{}],"{'net_changes': {}, 'pct_changes': {'1': '0.0', '3': '-0.4', '6': '-0.6', '12': '0.7'}}",CUUR0000SAM,2023-05
2023,M04,April,,547.219,[{}],"{'net_changes': {}, 'pct_changes': {'1': '-0.1', '3': '-0.8', '6': '-1.2', '12': '1.1'}}",CUUR0000SAM,2023-04
2023,M03,March,,547.805,[{}],"{'net_changes': {}, 'pct_changes': {'1': '-0.3', '3': '-0.6', '6': '-1.5', '12': '1.5'}}",CUUR0000SAM,2023-03
2023,M02,February,,549.487,[{}],"{'net_changes': {}, 'pct_changes': {'1': '-0.4', '3': '-0.2', '6': '-0.7', '12': '2.3'}}",CUUR0000SAM,2023-02
2023,M01,January,,551.422,[{}],"{'net_changes': {}, 'pct_changes': {'1': '0.1', '3': '-0.5', '6': '0.3', '12': '3.1'}}",CUUR0000SAM,2023-01
2022,M12,December,,551.002,[{}],"{'net_changes': {}, 'pct_changes': {'1': '0.0', '3': '-1.0', '6': '0.8', '12': '4.0'}}",CUUR0000SAM,2022-12
2022,M11,November,,550.844,[{}],"{'net_changes': {}, 'pct_changes': {'1': '-0.6', '3': '-0.5', '6': '1.4', '12': '4.2'}}",CUUR0000SAM,2022-11
2022,M10,October,,554.043,[{}],"{'net_changes': {}, 'pct_changes': {'1': '-0.4', '3': '0.8', '6': '2.3', '12': '5.0'}}",CUUR0000SAM,2022-10
2022,M09,September,,556.323,[{}],"{'net_changes': {}, 'pct_changes': {'1': '0.5', '3': '1.8', '6': '3.1', '12': '6.0'}}",CUUR0000SAM,2022-09
2022,M08,August,,553.429,[{}],"{'net_changes': {}, 'pct_changes': {'1': '0.7', '3': '1.8', '6': '3.1', '12': '5.4'}}",CUUR0000SAM,2022-08
2022,M07,July,,549.562,[{}],"{'net_changes': {}, 'pct_changes': {'1': '0.5', '3': '1.5', '6': '2.7', '12': '4.8'}}",CUUR0000SAM,2022-07
2022,M06,June,,546.717,[{}],"{'net_changes': {}, 'pct_changes': {'1': '0.6', '3': '1.3', '6': '3.1', '12': '4.5'}}",CUUR0000SAM,2022-06
2022,M05,May,,543.488,[{}],"{'net_changes': {}, 'pct_changes': {'1': '0.4', '3': '1.2', '6': '2.8', '12': '3.7'}}",CUUR0000SAM,2022-05
2022,M04,April,,541.515,[{}],"{'net_changes': {}, 'pct_changes': {'1': '0.3', '3': '1.2', '6': '2.6', '12': '3.2'}}",CUUR0000SAM,2022-04
2022,M03,March,,539.739,[{}],"{'net_changes': {}, 'pct_changes': {'1': '0.5', '3': '1.8', '6': '2.8', '12': '2.9'}}",CUUR0000SAM,2022-03
2022,M02,February,,536.932,[{}],"{'net_changes': {}, 'pct_changes': {'1': '0.4', '3': '1.5', '6': '2.2', '12': '2.4'}}",CUUR0000SAM,2022-02
2022,M01,January,,535.048,[{}],"{'net_changes': {}, 'pct_changes': {'1': '0.9', '3': '1.4', '6': '2.1', '12': '2.5'}}",CUUR0000SAM,2022-01
2021,M12,December,,530.026,[{}],"{'net_changes': {}, 'pct_changes': {'1': '0.2', '3': '1.0', '6': '1.3', '12': '2.2'}}",CUUR0000SAM,2021-12
2021,M11,November,,528.877,[{}],"{'net_changes': {}, 'pct_changes': {'1': '0.2', '3': '0.7', '6': '0.9', '12': '1.7'}}",CUUR0000SAM,2021-11
2021,M10,October,,527.564,[{}],"{'net_changes': {}, 'pct_changes': {'1': '0.5', '3': '0.6', '6': '0.6', '12': '1.3'}}",CUUR0000SAM,2021-10
2021,M09,September,,524.818,[{}],"{'net_changes': {}, 'pct_changes': {'1': '-0.1', '3': '0.3', '6': '0.0', '12': '0.4'}}",CUUR0000SAM,2021-09
2021,M08,August,,525.247,[{}],"{'net_changes': {}, 'pct_changes': {'1': '0.2', '3': '0.3', '6': '0.2', '12': '0.4'}}",CUUR0000SAM,2021-08
2021,M07,July,,524.219,[{}],"{'net_changes': {}, 'pct_changes': {'1': '0.2', '3': '-0.1', '6': '0.4', '12': '0.3'}}",CUUR0000SAM,2021-07
2021,M06,June,,522.989,[{}],"{'net_changes': {}, 'pct_changes': {'1': '-0.2', '3': '-0.3', '6': '0.8', '12': '0.4'}}",CUUR0000SAM,2021-06
2021,M05,May,,523.918,[{}],"{'net_changes': {}, 'pct_changes': {'1': '-0.1', '3': '-0.1', '6': '0.8', '12': '0.9'}}",CUUR0000SAM,2021-05
2021,M04,April,,524.585,[{}],"{'net_changes': {}, 'pct_changes': {'1': '0.0', '3': '0.5', '6': '0.7', '12': '1.5'}}",CUUR0000SAM,2021-04
2021,M03,March,,524.734,[{}],"{'net_changes': {}, 'pct_changes': {'1': '0.1', '3': '1.2', '6': '0.4', '12': '1.8'}}",CUUR0000SAM,2021-03
2021,M02,February,,524.207,[{}],"{'net_changes': {}, 'pct_changes': {'1': '0.4', '3': '0.8', '6': '0.2', '12': '2.0'}}",CUUR0000SAM,2021-02
2021,M01,January,,522.133,[{}],"{'net_changes': {}, 'pct_changes': {'1': '0.6', '3': '0.3', '6': '-0.1', '12': '1.9'}}",CUUR0000SAM,2021-01
2020,M12,December,,518.766,[{}],"{'net_changes': {}, 'pct_changes': {'1': '-0.2', '3': '-0.7', '6': '-0.4', '12': '1.8'}}",CUUR0000SAM,2020-12
2020,M11,November,,519.848,[{}],"{'net_changes': {}, 'pct_changes': {'1': '-0.2', '3': '-0.7', '6': '0.1', '12': '2.4'}}",CUUR0000SAM,2020-11
2020,M10,October,,520.725,[{}],"{'net_changes': {}, 'pct_changes': {'1': '-0.3', '3': '-0.4', '6': '0.7', '12': '2.9'}}",CUUR0000SAM,2020-10
2020,M09,September,,522.528,[{}],"{'net_changes': {}, 'pct_changes': {'1': '-0.1', '3': '0.3', '6': '1.3', '12': '4.2'}}",CUUR0000SAM,2020-09
2020,M08,August,,523.295,[{}],"{'net_changes': {}, 'pct_changes': {'1': '0.1', '3': '0.8', '6': '1.8', '12': '4.5'}}",CUUR0000SAM,2020-08
2020,M07,July,,522.686,[{}],"{'net_changes': {}, 'pct_changes': {'1': '0.4', '3': '1.1', '6': '2.1', '12': '5.0'}}",CUUR0000SAM,2020-07
2020,M06,June,,520.734,[{}],"{'net_changes': {}, 'pct_changes': {'1': '0.3', '3': '1.0', '6': '2.2', '12': '5.1'}}",CUUR0000SAM,2020-06
2020,M05,May,,519.194,[{}],"{'net_changes': {}, 'pct_changes': {'1': '0.4', '3': '1.0', '6': '2.3', '12': '4.9'}}",CUUR0000SAM,2020-05
2020,M04,April,,517.053,[{}],"{'net_changes': {}, 'pct_changes': {'1': '0.3', '3': '1.0', '6': '2.2', '12': '4.8'}}",CUUR0000SAM,2020-04
2020,M03,March,,515.605,[{}],"{'net_changes': {}, 'pct_changes': {'1': '0.3', '3': '1.2', '6': '2.8', '12': '4.7'}}",CUUR0000SAM,2020-03
2020,M02,February,,513.923,[{}],"{'net_changes': {}, 'pct_changes': {'1': '0.3', '3': '1.3', '6': '2.6', '12': '4.6'}}",CUUR0000SAM,2020-02
2020,M01,January,,512.149,[{}],"{'net_changes': {}, 'pct_changes': {'1': '0.5', '3': '1.2', '6': '2.9', '12': '4.5'}}",CUUR0000SAM,2020-01
2019,M12,December,,509.689,[{}],"{'net_changes': {}, 'pct_changes': {'1': '0.4', '3': '1.6', '6': '2.9', '12': '4.6'}}",CUUR0000SAM,2019-12
2019,M11,November,,507.541,[{}],"{'net_changes': {}, 'pct_changes': {'1': '0.3', '3': '1.3', '6': '2.5', '12': '4.2'}}",CUUR0000SAM,2019-11
2019,M10,October,,506.1,[{}],"{'net_changes': {}, 'pct_changes': {'1': '0.9', '3': '1.7', '6': '2.6', '12': '4.3'}}",CUUR0000SAM,2019-10
2019,M09,September,,501.468,[{}],"{'net_changes': {}, 'pct_changes': {'1': '0.1', '3': '1.2', '6': '1.9', '12': '3.5'}}",CUUR0000SAM,2019-09
2019,M08,August,,500.916,[{}],"{'net_changes': {}, 'pct_changes': {'1': '0.6', '3': '1.2', '6': '2.0', '12': '3.5'}}",CUUR0000SAM,2019-08
2019,M07,July,,497.687,[{}],"{'net_changes': {}, 'pct_changes': {'1': '0.4', '3': '0.9', '6': '1.5', '12': '2.6'}}",CUUR0000SAM,2019-07
2019,M06,June,,495.563,[{}],"{'net_changes': {}, 'pct_changes': {'1': '0.1', '3': '0.7', '6': '1.7', '12': '2.0'}}",CUUR0000SAM,2019-06
2019,M05,May,,494.928,[{}],"{'net_changes': {}, 'pct_changes': {'1': '0.3', '3': '0.8', '6': '1.7', '12': '2.1'}}",CUUR0000SAM,2019-05
2019,M04,April,,493.331,[{}],"{'net_changes': {}, 'pct_changes': {'1': '0.2', '3': '0.6', '6': '1.7', '12': '1.9'}}",CUUR0000SAM,2019-04
2019,M03,March,,492.306,[{}],"{'net_changes': {}, 'pct_changes': {'1': '0.2', '3': '1.0', '6': '1.6', '12': '1.7'}}",CUUR0000SAM,2019-03
2019,M02,February,,491.227,[{}],"{'net_changes': {}, 'pct_changes': {'1': '0.2', '3': '0.9', '6': '1.5', '12': '1.7'}}",CUUR0000SAM,2019-02
2019,M01,January,,490.204,[{}],"{'net_changes': {}, 'pct_changes': {'1': '0.6', '3': '1.0', '6': '1.0', '12': '1.9'}}",CUUR0000SAM,2019-01
2018,M12,December,,487.409,[{}],"{'net_changes': {}, 'pct_changes': {'1': '0.1', '3': '0.6', '6': '0.3', '12': '2.0'}}",CUUR0000SAM,2018-12
2018,M11,November,,486.886,[{}],"{'net_changes': {}, 'pct_changes': {'1': '0.3', '3': '0.6', '6': '0.4', '12': '2.0'}}",CUUR0000SAM,2018-11
2018,M10,October,,485.269,[{}],"{'net_changes': {}, 'pct_changes': {'1': '0.1', '3': '0.0', '6': '0.3', '12': '1.7'}}",CUUR0000SAM,2018-10
2018,M09,September,,484.708,[{}],"{'net_changes': {}, 'pct_changes': {'1': '0.1', '3': '-0.3', '6': '0.1', '12': '1.7'}}",CUUR0000SAM,2018-09
2018,M08,August,,484.172,[{}],"{'net_changes': {}, 'pct_changes': {'1': '-0.2', '3': '-0.1', '6': '0.3', '12': '1.5'}}",CUUR0000SAM,2018-08
2018,M07,July,,485.193,[{}],"{'net_changes': {}, 'pct_changes': {'1': '-0.2', '3': '0.2', '6': '0.9', '12': '1.9'}}",CUUR0000SAM,2018-07
2018,M06,June,,486.019,[{}],"{'net_changes': {}, 'pct_changes': {'1': '0.2', '3': '0.4', '6': '1.7', '12': '2.5'}}",CUUR0000SAM,2018-06
2018,M05,May,,484.853,[{}],"{'net_changes': {}, 'pct_changes': {'1': '0.2', '3': '0.4', '6': '1.6', '12': '2.4'}}",CUUR0000SAM,2018-05
2018,M04,April,,484.034,[{}],"{'net_changes': {}, 'pct_changes': {'1': '0.0', '3': '0.6', '6': '1.4', '12': '2.2'}}",CUUR0000SAM,2018-04
2018,M03,March,,483.984,[{}],"{'net_changes': {}, 'pct_changes': {'1': '0.2', '3': '1.3', '6': '1.6', '12': '2.0'}}",CUUR0000SAM,2018-03
2018,M02,February,,482.897,[{}],"{'net_changes': {}, 'pct_changes': {'1': '0.4', '3': '1.2', '6': '1.3', '12': '1.8'}}",CUUR0000SAM,2018-02
2018,M01,January,,481.06,[{}],"{'net_changes': {}, 'pct_changes': {'1': '0.7', '3': '0.8', '6': '1.0', '12': '2.0'}}",CUUR0000SAM,2018-01
2023,M09,September,True,413.966,[{}],"{'net_changes': {}, 'pct_changes': {'1': '0.0', '3': '0.3', '6': '0.4', '12': '-0.2'}}",CUUR0000SEMC01,2023-09
2023,M08,August,,413.877,[{}],"{'net_changes': {}, 'pct_changes': {'1': '0.1', '3': '1.0', '6': '0.2', '12': '0.3'}}",CUUR0000SEMC01,2023-08
2023,M07,July,,413.437,[{}],"{'net_changes': {}, 'pct_changes': {'1': '0.2', '3': '0.4', '6': '-0.4', '12': '0.4'}}",CUUR0000SEMC01,2023-07
2023,M06,June,,412.812,[{}],"{'net_changes': {}, 'pct_changes': {'1': '0.7', '3': '0.2', '6': '-0.7', '12': '0.5'}}",CUUR0000SEMC01,2023-06
2023,M05,May,,409.885,[{}],"{'net_changes': {}, 'pct_changes': {'1': '-0.5', '3': '-0.8', '6': '-1.2', '12': '-0.1'}}",CUUR0000SEMC01,2023-05
2023,M04,April,,411.951,[{}],"{'net_changes': {}, 'pct_changes': {'1': '0.0', '3': '-0.8', '6': '-0.7', '12': '0.3'}}",CUUR0000SEMC01,2023-04
2023,M03,March,,412.119,[{}],"{'net_changes': {}, 'pct_changes': {'1': '-0.2', '3': '-0.8', '6': '-0.6', '12': '0.5'}}",CUUR0000SEMC01,2023-03
2023,M02,February,,413.034,[{}],"{'net_changes': {}, 'pct_changes': {'1': '-0.5', '3': '-0.5', '6': '0.0', '12': '1.2'}}",CUUR0000SEMC01,2023-02
2023,M01,January,,415.197,[{}],"{'net_changes': {}, 'pct_changes': {'1': '-0.1', '3': '0.1', '6': '0.8', '12': '1.7'}}",CUUR0000SEMC01,2023-01
2022,M12,December,,415.611,[{}],"{'net_changes': {}, 'pct_changes': {'1': '0.1', '3': '0.2', '6': '1.2', '12': '1.7'}}",CUUR0000SEMC01,2022-12
2022,M11,November,,415.048,[{}],"{'net_changes': {}, 'pct_changes': {'1': '0.0', '3': '0.5', '6': '1.2', '12': '1.5'}}",CUUR0000SEMC01,2022-11
2022,M10,October,,414.897,[{}],"{'net_changes': {}, 'pct_changes': {'1': '0.0', '3': '0.7', '6': '1.0', '12': '1.8'}}",CUUR0000SEMC01,2022-10
2022,M09,September,,414.767,[{}],"{'net_changes': {}, 'pct_changes': {'1': '0.5', '3': '1.0', '6': '1.2', '12': '1.8'}}",CUUR0000SEMC01,2022-09
2022,M08,August,,412.828,[{}],"{'net_changes': {}, 'pct_changes': {'1': '0.2', '3': '0.6', '6': '1.2', '12': '1.1'}}",CUUR0000SEMC01,2022-08
2022,M07,July,,411.846,[{}],"{'net_changes': {}, 'pct_changes': {'1': '0.3', '3': '0.2', '6': '0.9', '12': '0.8'}}",CUUR0000SEMC01,2022-07
2022,M06,June,,410.729,[{}],"{'net_changes': {}, 'pct_changes': {'1': '0.1', '3': '0.2', '6': '0.5', '12': '1.0'}}",CUUR0000SEMC01,2022-06
2022,M05,May,,410.249,[{}],"{'net_changes': {}, 'pct_changes': {'1': '-0.1', '3': '0.6', '6': '0.3', '12': '1.1'}}",CUUR0000SEMC01,2022-05
2022,M04,April,,410.83,[{}],"{'net_changes': {}, 'pct_changes': {'1': '0.2', '3': '0.6', '6': '0.8', '12': '1.2'}}",CUUR0000SEMC01,2022-04
2022,M03,March,,409.998,[{}],"{'net_changes': {}, 'pct_changes': {'1': '0.5', '3': '0.3', '6': '0.7', '12': '0.7'}}",CUUR0000SEMC01,2022-03
2022,M02,February,,407.984,[{}],"{'net_changes': {}, 'pct_changes': {'1': '-0.1', '3': '-0.2', '6': '-0.1', '12': '0.5'}}",CUUR0000SEMC01,2022-02
2022,M01,January,,408.335,[{}],"{'net_changes': {}, 'pct_changes': {'1': '-0.1', '3': '0.2', '6': '0.0', '12': '2.6'}}",CUUR0000SEMC01,2022-01
2021,M12,December,,408.644,[{}],"{'net_changes': {}, 'pct_changes': {'1': '0.0', '3': '0.3', '6': '0.5', '12': '4.3'}}",CUUR0000SEMC01,2021-12
2021,M11,November,,408.843,[{}],"{'net_changes': {}, 'pct_changes': {'1': '0.4', '3': '0.1', '6': '0.8', '12': '4.3'}}",CUUR0000SEMC01,2021-11
2021,M10,October,,407.391,[{}],"{'net_changes': {}, 'pct_changes': {'1': '0.0', '3': '-0.3', '6': '0.4', '12': '3.9'}}",CUUR0000SEMC01,2021-10
2021,M09,September,,407.266,[{}],"{'net_changes': {}, 'pct_changes': {'1': '-0.3', '3': '0.1', '6': '0.1', '12': '3.8'}}",CUUR0000SEMC01,2021-09
2021,M08,August,,408.49,[{}],"{'net_changes': {}, 'pct_changes': {'1': '0.0', '3': '0.7', '6': '0.6', '12': '3.9'}}",CUUR0000SEMC01,2021-08
2021,M07,July,,408.445,[{}],"{'net_changes': {}, 'pct_changes': {'1': '0.4', '3': '0.6', '6': '2.7', '12': '3.9'}}",CUUR0000SEMC01,2021-07
2021,M06,June,,406.812,[{}],"{'net_changes': {}, 'pct_changes': {'1': '0.3', '3': '-0.1', '6': '3.8', '12': '4.1'}}",CUUR0000SEMC01,2021-06
2021,M05,May,,405.744,[{}],"{'net_changes': {}, 'pct_changes': {'1': '0.0', '3': '0.0', '6': '3.5', '12': '4.2'}}",CUUR0000SEMC01,2021-05
2021,M04,April,,405.869,[{}],"{'net_changes': {}, 'pct_changes': {'1': '-0.3', '3': '2.0', '6': '3.5', '12': '4.9'}}",CUUR0000SEMC01,2021-04
2021,M03,March,,407.048,[{}],"{'net_changes': {}, 'pct_changes': {'1': '0.3', '3': '3.9', '6': '3.7', '12': '5.3'}}",CUUR0000SEMC01,2021-03
2021,M02,February,,405.897,[{}],"{'net_changes': {}, 'pct_changes': {'1': '2.0', '3': '3.5', '6': '3.3', '12': '5.1'}}",CUUR0000SEMC01,2021-02
2021,M01,January,,397.892,[{}],"{'net_changes': {}, 'pct_changes': {'1': '1.6', '3': '1.5', '6': '1.3', '12': '3.4'}}",CUUR0000SEMC01,2021-01
2020,M12,December,,391.807,[{}],"{'net_changes': {}, 'pct_changes': {'1': '-0.1', '3': '-0.2', '6': '0.3', '12': '1.7'}}",CUUR0000SEMC01,2020-12
2020,M11,November,,392.156,[{}],"{'net_changes': {}, 'pct_changes': {'1': '0.0', '3': '-0.2', '6': '0.7', '12': '1.9'}}",CUUR0000SEMC01,2020-11
2020,M10,October,,392.099,[{}],"{'net_changes': {}, 'pct_changes': {'1': '-0.1', '3': '-0.2', '6': '1.4', '12': '1.9'}}",CUUR0000SEMC01,2020-10
2020,M09,September,,392.474,[{}],"{'net_changes': {}, 'pct_changes': {'1': '-0.1', '3': '0.4', '6': '1.6', '12': '2.1'}}",CUUR0000SEMC01,2020-09
2020,M08,August,,393.025,[{}],"{'net_changes': {}, 'pct_changes': {'1': '0.0', '3': '0.9', '6': '1.8', '12': '2.7'}}",CUUR0000SEMC01,2020-08
2020,M07,July,,392.928,[{}],"{'net_changes': {}, 'pct_changes': {'1': '0.6', '3': '1.6', '6': '2.1', '12': '2.6'}}",CUUR0000SEMC01,2020-07
2020,M06,June,,390.718,[{}],"{'net_changes': {}, 'pct_changes': {'1': '0.4', '3': '1.1', '6': '1.5', '12': '2.1'}}",CUUR0000SEMC01,2020-06
2020,M05,May,,389.329,[{}],"{'net_changes': {}, 'pct_changes': {'1': '0.6', '3': '0.8', '6': '1.1', '12': '1.8'}}",CUUR0000SEMC01,2020-05
2020,M04,April,,386.862,[{}],"{'net_changes': {}, 'pct_changes': {'1': '0.1', '3': '0.6', '6': '0.5', '12': '1.2'}}",CUUR0000SEMC01,2020-04
2020,M03,March,,386.483,[{}],"{'net_changes': {}, 'pct_changes': {'1': '0.1', '3': '0.4', '6': '0.5', '12': '1.4'}}",CUUR0000SEMC01,2020-03
2020,M02,February,,386.202,[{}],"{'net_changes': {}, 'pct_changes': {'1': '0.4', '3': '0.3', '6': '0.9', '12': '0.8'}}",CUUR0000SEMC01,2020-02
2020,M01,January,,384.715,[{}],"{'net_changes': {}, 'pct_changes': {'1': '-0.1', '3': '0.0', '6': '0.4', '12': '0.7'}}",CUUR0000SEMC01,2020-01
2019,M12,December,,385.092,[{}],"{'net_changes': {}, 'pct_changes': {'1': '0.0', '3': '0.2', '6': '0.6', '12': '1.4'}}",CUUR0000SEMC01,2019-12
2019,M11,November,,385.01,[{}],"{'net_changes': {}, 'pct_changes': {'1': '0.0', '3': '0.6', '6': '0.7', '12': '1.4'}}",CUUR0000SEMC01,2019-11
2019,M10,October,,384.901,[{}],"{'net_changes': {}, 'pct_changes': {'1': '0.1', '3': '0.5', '6': '0.7', '12': '1.2'}}",CUUR0000SEMC01,2019-10
2019,M09,September,,384.454,[{}],"{'net_changes': {}, 'pct_changes': {'1': '0.4', '3': '0.5', '6': '0.9', '12': '0.9'}}",CUUR0000SEMC01,2019-09
2019,M08,August,,382.858,[{}],"{'net_changes': {}, 'pct_changes': {'1': '0.0', '3': '0.1', '6': '0.0', '12': '0.7'}}",CUUR0000SEMC01,2019-08
2019,M07,July,,383.047,[{}],"{'net_changes': {}, 'pct_changes': {'1': '0.1', '3': '0.2', '6': '0.3', '12': '0.7'}}",CUUR0000SEMC01,2019-07
2019,M06,June,,382.702,[{}],"{'net_changes': {}, 'pct_changes': {'1': '0.1', '3': '0.4', '6': '0.7', '12': '0.4'}}",CUUR0000SEMC01,2019-06
2019,M05,May,,382.436,[{}],"{'net_changes': {}, 'pct_changes': {'1': '0.1', '3': '-0.1', '6': '0.7', '12': '0.3'}}",CUUR0000SEMC01,2019-05
2019,M04,April,,382.15,[{}],"{'net_changes': {}, 'pct_changes': {'1': '0.3', '3': '0.0', '6': '0.4', '12': '0.3'}}",CUUR0000SEMC01,2019-04
2019,M03,March,,381.045,[{}],"{'net_changes': {}, 'pct_changes': {'1': '-0.5', '3': '0.3', '6': '0.0', '12': '0.1'}}",CUUR0000SEMC01,2019-03
2019,M02,February,,383.009,[{}],"{'net_changes': {}, 'pct_changes': {'1': '0.3', '3': '0.8', '6': '0.8', '12': '0.7'}}",CUUR0000SEMC01,2019-02
2019,M01,January,,382.032,[{}],"{'net_changes': {}, 'pct_changes': {'1': '0.6', '3': '0.4', '6': '0.4', '12': '0.8'}}",CUUR0000SEMC01,2019-01
2018,M12,December,,379.885,[{}],"{'net_changes': {}, 'pct_changes': {'1': '0.0', '3': '-0.3', '6': '-0.3', '12': '0.6'}}",CUUR0000SEMC01,2018-12
2018,M11,November,,379.872,[{}],"{'net_changes': {}, 'pct_changes': {'1': '-0.2', '3': '-0.1', '6': '-0.4', '12': '0.8'}}",CUUR0000SEMC01,2018-11
2018,M10,October,,380.489,[{}],"{'net_changes': {}, 'pct_changes': {'1': '-0.1', '3': '0.0', '6': '-0.2', '12': '0.4'}}",CUUR0000SEMC01,2018-10
2018,M09,September,,380.928,[{}],"{'net_changes': {}, 'pct_changes': {'1': '0.2', '3': '0.0', '6': '0.0', '12': '0.5'}}",CUUR0000SEMC01,2018-09
2018,M08,August,,380.143,[{}],"{'net_changes': {}, 'pct_changes': {'1': '-0.1', '3': '-0.3', '6': '-0.1', '12': '0.3'}}",CUUR0000SEMC01,2018-08
2018,M07,July,,380.404,[{}],"{'net_changes': {}, 'pct_changes': {'1': '-0.2', '3': '-0.2', '6': '0.4', '12': '0.6'}}",CUUR0000SEMC01,2018-07
2018,M06,June,,380.991,[{}],"{'net_changes': {}, 'pct_changes': {'1': '-0.1', '3': '0.1', '6': '0.9', '12': '0.9'}}",CUUR0000SEMC01,2018-06
2018,M05,May,,381.309,[{}],"{'net_changes': {}, 'pct_changes': {'1': '0.1', '3': '0.2', '6': '1.1', '12': '0.6'}}",CUUR0000SEMC01,2018-05
2018,M04,April,,381.076,[{}],"{'net_changes': {}, 'pct_changes': {'1': '0.1', '3': '0.5', '6': '0.5', '12': '0.3'}}",CUUR0000SEMC01,2018-04
2018,M03,March,,380.766,[{}],"{'net_changes': {}, 'pct_changes': {'1': '0.1', '3': '0.8', '6': '0.4', '12': '-0.8'}}",CUUR0000SEMC01,2018-03
2018,M02,February,,380.47,[{}],"{'net_changes': {}, 'pct_changes': {'1': '0.4', '3': '0.9', '6': '0.4', '12': '-1.3'}}",CUUR0000SEMC01,2018-02
2018,M01,January,,379.077,[{}],"{'net_changes': {}, 'pct_changes': {'1': '0.4', '3': '0.0', '6': '0.3', '12': '-1.5'}}",CUUR0000SEMC01,2018-01
2023,M09,September,True,397.531,[{}],"{'net_changes': {}, 'pct_changes': {'1': '1.5', '3': '1.7', '6': '3.7', '12': '4.5'}}",CUUR0000SEMD01,2023-09
2023,M08,August,,391.678,[{}],"{'net_changes': {}, 'pct_changes': {'1': '0.7', '3': '0.6', '6': '1.7', '12': '3.0'}}",CUUR0000SEMD01,2023-08
2023,M07,July,,389.061,[{}],"{'net_changes': {}, 'pct_changes': {'1': '-0.4', '3': '1.0', '6': '1.0', '12': '3.1'}}",CUUR0000SEMD01,2023-07
2023,M06,June,,390.793,[{}],"{'net_changes': {}, 'pct_changes': {'1': '0.4', '3': '1.9', '6': '2.0', '12': '4.1'}}",CUUR0000SEMD01,2023-06
2023,M05,May,,389.166,[{}],"{'net_changes': {}, 'pct_changes': {'1': '1.0', '3': '1.1', '6': '2.9', '12': '3.7'}}",CUUR0000SEMD01,2023-05
2023,M04,April,,385.355,[{}],"{'net_changes': {}, 'pct_changes': {'1': '0.5', '3': '0.1', '12': '2.9'}}",CUUR0000SEMD01,2023-04
2023,M03,March,,383.42,[{}],"{'net_changes': {}, 'pct_changes': {'1': '-0.4', '3': '0.1', '6': '0.8', '12': '2.7'}}",CUUR0000SEMD01,2023-03
2023,M02,February,,384.996,[{}],"{'net_changes': {}, 'pct_changes': {'1': '0.0', '3': '1.8', '6': '1.2', '12': '3.6'}}",CUUR0000SEMD01,2023-02
2023,M01,January,,385.064,[{}],"{'net_changes': {}, 'pct_changes': {'1': '0.5', '6': '2.0', '12': '3.6'}}",CUUR0000SEMD01,2023-01
2022,M12,December,,383.15,[{}],"{'net_changes': {}, 'pct_changes': {'1': '1.3', '3': '0.7', '6': '2.1', '12': '4.4'}}",CUUR0000SEMD01,2022-12
2022,M11,November,,378.209,[{}],"{'net_changes': {}, 'pct_changes': {'3': '-0.6', '6': '0.8', '12': '2.9'}}",CUUR0000SEMD01,2022-11
2022,M09,September,,380.465,[{}],"{'net_changes': {}, 'pct_changes': {'1': '0.0', '3': '1.4', '6': '1.9', '12': '3.8'}}",CUUR0000SEMD01,2022-09
2022,M08,August,,380.339,[{}],"{'net_changes': {}, 'pct_changes': {'1': '0.8', '3': '1.3', '6': '2.3', '12': '4.0'}}",CUUR0000SEMD01,2022-08
2022,M07,July,,377.415,[{}],"{'net_changes': {}, 'pct_changes': {'1': '0.6', '3': '0.8', '6': '1.6', '12': '3.9'}}",CUUR0000SEMD01,2022-07
2022,M06,June,,375.318,[{}],"{'net_changes': {}, 'pct_changes': {'1': '0.0', '3': '0.5', '6': '2.3', '12': '3.9'}}",CUUR0000SEMD01,2022-06
2022,M05,May,,375.273,[{}],"{'net_changes': {}, 'pct_changes': {'1': '0.2', '3': '0.9', '6': '2.1', '12': '3.9'}}",CUUR0000SEMD01,2022-05
2022,M04,April,,374.501,[{}],"{'net_changes': {}, 'pct_changes': {'1': '0.3', '3': '0.8', '6': '1.6', '12': '3.6'}}",CUUR0000SEMD01,2022-04
2022,M03,March,,373.307,[{}],"{'net_changes': {}, 'pct_changes': {'1': '0.4', '3': '1.8', '6': '1.9', '12': '3.3'}}",CUUR0000SEMD01,2022-03
2022,M02,February,,371.745,[{}],"{'net_changes': {}, 'pct_changes': {'1': '0.0', '3': '1.2', '6': '1.6', '12': '3.4'}}",CUUR0000SEMD01,2022-02
2022,M01,January,,371.646,[{}],"{'net_changes': {}, 'pct_changes': {'1': '1.3', '3': '0.8', '6': '2.3', '12': '3.6'}}",CUUR0000SEMD01,2022-01
2021,M12,December,,366.854,[{}],"{'net_changes': {}, 'pct_changes': {'1': '-0.2', '3': '0.1', '6': '1.5', '12': '3.3'}}",CUUR0000SEMD01,2021-12
2021,M11,November,,367.479,[{}],"{'net_changes': {}, 'pct_changes': {'1': '-0.3', '3': '0.4', '6': '1.7', '12': '3.5'}}",CUUR0000SEMD01,2021-11
2021,M10,October,,368.593,[{}],"{'net_changes': {}, 'pct_changes': {'1': '0.6', '3': '1.5', '6': '1.9', '12': '4.0'}}",CUUR0000SEMD01,2021-10
2021,M09,September,,366.394,[{}],"{'net_changes': {}, 'pct_changes': {'1': '0.2', '3': '1.4', '6': '1.4', '12': '3.2'}}",CUUR0000SEMD01,2021-09
2021,M08,August,,365.843,[{}],"{'net_changes': {}, 'pct_changes': {'1': '0.7', '3': '1.3', '6': '1.8', '12': '3.5'}}",CUUR0000SEMD01,2021-08
2021,M07,July,,363.254,[{}],"{'net_changes': {}, 'pct_changes': {'1': '0.5', '3': '0.5', '6': '1.3', '12': '2.8'}}",CUUR0000SEMD01,2021-07
2021,M06,June,,361.384,[{}],"{'net_changes': {}, 'pct_changes': {'1': '0.0', '3': '0.0', '6': '1.7', '12': '2.4'}}",CUUR0000SEMD01,2021-06
2021,M05,May,,361.285,[{}],"{'net_changes': {}, 'pct_changes': {'1': '-0.1', '3': '0.5', '6': '1.7', '12': '2.6'}}",CUUR0000SEMD01,2021-05
2021,M04,April,,361.585,[{}],"{'net_changes': {}, 'pct_changes': {'1': '0.0', '3': '0.8', '6': '2.1', '12': '2.5'}}",CUUR0000SEMD01,2021-04
2021,M03,March,,361.468,[{}],"{'net_changes': {}, 'pct_changes': {'1': '0.5', '3': '1.8', '6': '1.8', '12': '2.9'}}",CUUR0000SEMD01,2021-03
2021,M02,February,,359.521,[{}],"{'net_changes': {}, 'pct_changes': {'1': '0.2', '3': '1.2', '6': '1.8', '12': '2.5'}}",CUUR0000SEMD01,2021-02
2021,M01,January,,358.733,[{}],"{'net_changes': {}, 'pct_changes': {'1': '1.0', '3': '1.3', '6': '1.5', '12': '2.7'}}",CUUR0000SEMD01,2021-01
2020,M12,December,,355.232,[{}],"{'net_changes': {}, 'pct_changes': {'1': '0.0', '3': '0.0', '6': '0.7', '12': '3.0'}}",CUUR0000SEMD01,2020-12
2020,M11,November,,355.164,[{}],"{'net_changes': {}, 'pct_changes': {'1': '0.2', '3': '0.5', '6': '0.8', '12': '2.9'}}",CUUR0000SEMD01,2020-11
2020,M10,October,,354.289,[{}],"{'net_changes': {}, 'pct_changes': {'1': '-0.2', '3': '0.3', '6': '0.5', '12': '2.9'}}",CUUR0000SEMD01,2020-10
2020,M09,September,,355.129,[{}],"{'net_changes': {}, 'pct_changes': {'1': '0.5', '3': '0.7', '6': '1.1', '12': '4.6'}}",CUUR0000SEMD01,2020-09
2020,M08,August,,353.332,[{}],"{'net_changes': {}, 'pct_changes': {'1': '0.0', '3': '0.3', '6': '0.8', '12': '4.0'}}",CUUR0000SEMD01,2020-08
2020,M07,July,,353.381,[{}],"{'net_changes': {}, 'pct_changes': {'1': '0.2', '3': '0.2', '6': '1.2', '12': '5.0'}}",CUUR0000SEMD01,2020-07
2020,M06,June,,352.794,[{}],"{'net_changes': {}, 'pct_changes': {'1': '0.1', '3': '0.4', '6': '2.3', '12': '5.3'}}",CUUR0000SEMD01,2020-06
2020,M05,May,,352.287,[{}],"{'net_changes': {}, 'pct_changes': {'1': '-0.1', '3': '0.5', '6': '2.0', '12': '4.9'}}",CUUR0000SEMD01,2020-05
2020,M04,April,,352.676,[{}],"{'net_changes': {}, 'pct_changes': {'1': '0.4', '3': '1.0', '6': '2.4', '12': '5.2'}}",CUUR0000SEMD01,2020-04
2020,M03,March,,351.35,[{}],"{'net_changes': {}, 'pct_changes': {'1': '0.2', '3': '1.9', '6': '3.5', '12': '4.4'}}",CUUR0000SEMD01,2020-03
2020,M02,February,,350.635,[{}],"{'net_changes': {}, 'pct_changes': {'1': '0.4', '3': '1.6', '6': '3.2', '12': '4.3'}}",CUUR0000SEMD01,2020-02
2020,M01,January,,349.152,[{}],"{'net_changes': {}, 'pct_changes': {'1': '1.2', '3': '1.4', '6': '3.7', '12': '3.8'}}",CUUR0000SEMD01,2020-01
2019,M12,December,,344.933,[{}],"{'net_changes': {}, 'pct_changes': {'1': '-0.1', '3': '1.6', '6': '2.9', '12': '3.0'}}",CUUR0000SEMD01,2019-12
2019,M11,November,,345.227,[{}],"{'net_changes': {}, 'pct_changes': {'1': '0.3', '3': '1.6', '6': '2.8', '12': '3.3'}}",CUUR0000SEMD01,2019-11
2019,M10,October,,344.363,[{}],"{'net_changes': {}, 'pct_changes': {'1': '1.4', '3': '2.3', '6': '2.7', '12': '3.5'}}",CUUR0000SEMD01,2019-10
2019,M09,September,,339.512,[{}],"{'net_changes': {}, 'pct_changes': {'1': '-0.1', '3': '1.3', '6': '0.9', '12': '2.1'}}",CUUR0000SEMD01,2019-09
2019,M08,August,,339.781,[{}],"{'net_changes': {}, 'pct_changes': {'1': '0.9', '3': '1.1', '6': '1.1', '12': '2.1'}}",CUUR0000SEMD01,2019-08
2019,M07,July,,336.604,[{}],"{'net_changes': {}, 'pct_changes': {'1': '0.5', '3': '0.4', '6': '0.1', '12': '0.8'}}",CUUR0000SEMD01,2019-07
2019,M06,June,,335.078,[{}],"{'net_changes': {}, 'pct_changes': {'1': '-0.3', '3': '-0.5', '6': '0.0', '12': '0.5'}}",CUUR0000SEMD01,2019-06
2019,M05,May,,335.966,[{}],"{'net_changes': {}, 'pct_changes': {'1': '0.2', '3': '-0.1', '6': '0.5', '12': '1.3'}}",CUUR0000SEMD01,2019-05
2019,M04,April,,335.198,[{}],"{'net_changes': {}, 'pct_changes': {'1': '-0.4', '3': '-0.3', '6': '0.7', '12': '1.2'}}",CUUR0000SEMD01,2019-04
2019,M03,March,,336.648,[{}],"{'net_changes': {}, 'pct_changes': {'1': '0.1', '3': '0.5', '6': '1.2', '12': '1.8'}}",CUUR0000SEMD01,2019-03
2019,M02,February,,336.234,[{}],"{'net_changes': {}, 'pct_changes': {'1': '0.0', '3': '0.6', '6': '1.1', '12': '2.0'}}",CUUR0000SEMD01,2019-02
2019,M01,January,,336.225,[{}],"{'net_changes': {}, 'pct_changes': {'1': '0.4', '3': '1.0', '6': '0.7', '12': '2.3'}}",CUUR0000SEMD01,2019-01
2018,M12,December,,334.964,[{}],"{'net_changes': {}, 'pct_changes': {'1': '0.2', '3': '0.7', '6': '0.5', '12': '3.7'}}",CUUR0000SEMD01,2018-12
2018,M11,November,,334.242,[{}],"{'net_changes': {}, 'pct_changes': {'1': '0.4', '3': '0.5', '6': '0.8', '12': '3.5'}}",CUUR0000SEMD01,2018-11
2018,M10,October,,332.853,[{}],"{'net_changes': {}, 'pct_changes': {'1': '0.1', '3': '-0.4', '6': '0.5', '12': '3.3'}}",CUUR0000SEMD01,2018-10
2018,M09,September,,332.595,[{}],"{'net_changes': {}, 'pct_changes': {'1': '0.0', '3': '-0.2', '6': '0.6', '12': '3.8'}}",CUUR0000SEMD01,2018-09
2018,M08,August,,332.708,[{}],"{'net_changes': {}, 'pct_changes': {'1': '-0.4', '3': '0.3', '6': '0.9', '12': '4.2'}}",CUUR0000SEMD01,2018-08
2018,M07,July,,334.033,[{}],"{'net_changes': {}, 'pct_changes': {'1': '0.2', '3': '0.8', '6': '1.6', '12': '4.6'}}",CUUR0000SEMD01,2018-07
2018,M06,June,,333.408,[{}],"{'net_changes': {}, 'pct_changes': {'1': '0.5', '3': '0.8', '6': '3.2', '12': '4.7'}}",CUUR0000SEMD01,2018-06
2018,M05,May,,331.651,[{}],"{'net_changes': {}, 'pct_changes': {'1': '0.1', '3': '0.6', '6': '2.7', '12': '4.7'}}",CUUR0000SEMD01,2018-05
2018,M04,April,,331.289,[{}],"{'net_changes': {}, 'pct_changes': {'1': '0.2', '3': '0.8', '6': '2.8', '12': '4.5'}}",CUUR0000SEMD01,2018-04
2018,M03,March,,330.759,[{}],"{'net_changes': {}, 'pct_changes': {'1': '0.3', '3': '2.4', '6': '3.2', '12': '5.2'}}",CUUR0000SEMD01,2018-03
2018,M02,February,,329.701,[{}],"{'net_changes': {}, 'pct_changes': {'1': '0.3', '3': '2.1', '6': '3.2', '12': '5.0'}}",CUUR0000SEMD01,2018-02
2018,M01,January,,328.635,[{}],"{'net_changes': {}, 'pct_changes': {'1': '1.7', '3': '1.9', '6': '2.9', '12': '6.0'}}",CUUR0000SEMD01,2018-01
2023,M09,September,True,547.579,[{}],"{'net_changes': {}, 'pct_changes': {'1': '-0.7', '3': '-0.3', '6': '0.1', '12': '2.2'}}",CUUR0000SEMF01,2023-09
2023,M08,August,,551.344,[{}],"{'net_changes': {}, 'pct_changes': {'1': '0.4', '3': '0.4', '6': '0.9', '12': '2.8'}}",CUUR0000SEMF01,2023-08
2023,M07,July,,549.212,[{}],"{'net_changes': {}, 'pct_changes': {'1': '0.0', '3': '0.1', '6': '0.6', '12': '2.8'}}",CUUR0000SEMF01,2023-07
2023,M06,June,,549.14,[{}],"{'net_changes': {}, 'pct_changes': {'1': '0.0', '3': '0.4', '6': '2.7', '12': '3.1'}}",CUUR0000SEMF01,2023-06
2023,M05,May,,548.929,[{}],"{'net_changes': {}, 'pct_changes': {'1': '0.1', '3': '0.5', '6': '2.7', '12': '3.1'}}",CUUR0000SEMF01,2023-05
2023,M04,April,,548.51,[{}],"{'net_changes': {}, 'pct_changes': {'1': '0.3', '3': '0.4', '6': '2.5', '12': '2.9'}}",CUUR0000SEMF01,2023-04
2023,M03,March,,547.078,[{}],"{'net_changes': {}, 'pct_changes': {'1': '0.1', '3': '2.3', '6': '2.1', '12': '2.7'}}",CUUR0000SEMF01,2023-03
2023,M02,February,,546.312,[{}],"{'net_changes': {}, 'pct_changes': {'1': '0.0', '3': '2.2', '6': '1.9', '12': '2.4'}}",CUUR0000SEMF01,2023-02
2023,M01,January,,546.107,[{}],"{'net_changes': {}, 'pct_changes': {'1': '2.1', '3': '2.0', '6': '2.2', '12': '2.6'}}",CUUR0000SEMF01,2023-01
2022,M12,December,,534.9,[{}],"{'net_changes': {}, 'pct_changes': {'1': '0.1', '3': '-0.2', '6': '0.4', '12': '1.8'}}",CUUR0000SEMF01,2022-12
2022,M11,November,,534.424,[{}],"{'net_changes': {}, 'pct_changes': {'1': '-0.2', '3': '-0.3', '6': '0.4', '12': '1.9'}}",CUUR0000SEMF01,2022-11
2022,M10,October,,535.248,[{}],"{'net_changes': {}, 'pct_changes': {'1': '-0.1', '3': '0.2', '6': '0.4', '12': '2.2'}}",CUUR0000SEMF01,2022-10
2022,M09,September,,535.82,[{}],"{'net_changes': {}, 'pct_changes': {'1': '-0.1', '3': '0.6', '6': '0.6', '12': '2.7'}}",CUUR0000SEMF01,2022-09
2022,M08,August,,536.212,[{}],"{'net_changes': {}, 'pct_changes': {'1': '0.4', '3': '0.8', '6': '0.5', '12': '3.2'}}",CUUR0000SEMF01,2022-08
2022,M07,July,,534.312,[{}],"{'net_changes': {}, 'pct_changes': {'1': '0.3', '3': '0.3', '6': '0.4', '12': '2.8'}}",CUUR0000SEMF01,2022-07
2022,M06,June,,532.656,[{}],"{'net_changes': {}, 'pct_changes': {'1': '0.1', '3': '0.0', '6': '1.4', '12': '2.5'}}",CUUR0000SEMF01,2022-06
2022,M05,May,,532.195,[{}],"{'net_changes': {}, 'pct_changes': {'1': '-0.1', '3': '-0.3', '6': '1.5', '12': '1.9'}}",CUUR0000SEMF01,2022-05
2022,M04,April,,532.975,[{}],"{'net_changes': {}, 'pct_changes': {'1': '0.0', '3': '0.2', '6': '1.7', '12': '1.7'}}",CUUR0000SEMF01,2022-04
2022,M03,March,,532.722,[{}],"{'net_changes': {}, 'pct_changes': {'1': '-0.2', '3': '1.4', '6': '2.2', '12': '2.2'}}",CUUR0000SEMF01,2022-03
2022,M02,February,,533.592,[{}],"{'net_changes': {}, 'pct_changes': {'1': '0.3', '3': '1.7', '6': '2.7', '12': '2.4'}}",CUUR0000SEMF01,2022-02
2022,M01,January,,532.044,[{}],"{'net_changes': {}, 'pct_changes': {'1': '1.3', '3': '1.6', '6': '2.3', '12': '1.3'}}",CUUR0000SEMF01,2022-01
2021,M12,December,,525.251,[{}],"{'net_changes': {}, 'pct_changes': {'1': '0.1', '3': '0.7', '6': '1.0', '12': '0.0'}}",CUUR0000SEMF01,2021-12
2021,M11,November,,524.509,[{}],"{'net_changes': {}, 'pct_changes': {'1': '0.1', '3': '0.9', '6': '0.5', '12': '-0.3'}}",CUUR0000SEMF01,2021-11
2021,M10,October,,523.862,[{}],"{'net_changes': {}, 'pct_changes': {'1': '0.5', '3': '0.8', '6': '0.0', '12': '-0.7'}}",CUUR0000SEMF01,2021-10
2021,M09,September,,521.506,[{}],"{'net_changes': {}, 'pct_changes': {'1': '0.3', '3': '0.3', '6': '0.0', '12': '-1.6'}}",CUUR0000SEMF01,2021-09
2021,M08,August,,519.729,[{}],"{'net_changes': {}, 'pct_changes': {'1': '0.0', '3': '-0.5', '6': '-0.3', '12': '-2.7'}}",CUUR0000SEMF01,2021-08
2021,M07,July,,519.957,[{}],"{'net_changes': {}, 'pct_changes': {'1': '0.0', '3': '-0.7', '6': '-1.0', '12': '-2.5'}}",CUUR0000SEMF01,2021-07
2021,M06,June,,519.861,[{}],"{'net_changes': {}, 'pct_changes': {'1': '-0.4', '3': '-0.3', '6': '-1.0', '12': '-2.5'}}",CUUR0000SEMF01,2021-06
2021,M05,May,,522.116,[{}],"{'net_changes': {}, 'pct_changes': {'1': '-0.3', '3': '0.2', '6': '-0.8', '12': '-2.1'}}",CUUR0000SEMF01,2021-05
2021,M04,April,,523.876,[{}],"{'net_changes': {}, 'pct_changes': {'1': '0.5', '3': '-0.3', '6': '-0.7', '12': '-1.9'}}",CUUR0000SEMF01,2021-04
2021,M03,March,,521.375,[{}],"{'net_changes': {}, 'pct_changes': {'1': '0.0', '3': '-0.7', '6': '-1.6', '12': '-2.3'}}",CUUR0000SEMF01,2021-03
2021,M02,February,,521.231,[{}],"{'net_changes': {}, 'pct_changes': {'1': '-0.8', '3': '-0.9', '6': '-2.4', '12': '-2.7'}}",CUUR0000SEMF01,2021-02
2021,M01,January,,525.434,[{}],"{'net_changes': {}, 'pct_changes': {'1': '0.0', '3': '-0.4', '6': '-1.5', '12': '-2.4'}}",CUUR0000SEMF01,2021-01
2020,M12,December,,525.244,[{}],"{'net_changes': {}, 'pct_changes': {'1': '-0.2', '3': '-0.9', '6': '-1.5', '12': '-2.4'}}",CUUR0000SEMF01,2020-12
2020,M11,November,,526.167,[{}],"{'net_changes': {}, 'pct_changes': {'1': '-0.3', '3': '-1.5', '6': '-1.3', '12': '-0.4'}}",CUUR0000SEMF01,2020-11
2020,M10,October,,527.649,[{}],"{'net_changes': {}, 'pct_changes': {'1': '-0.4', '3': '-1.1', '6': '-1.1', '12': '-0.4'}}",CUUR0000SEMF01,2020-10
2020,M09,September,,529.966,[{}],"{'net_changes': {}, 'pct_changes': {'1': '-0.8', '3': '-0.7', '6': '-0.7', '12': '1.4'}}",CUUR0000SEMF01,2020-09
2020,M08,August,,534.254,[{}],"{'net_changes': {}, 'pct_changes': {'1': '0.1', '3': '0.2', '6': '-0.2', '12': '1.4'}}",CUUR0000SEMF01,2020-08
2020,M07,July,,533.551,[{}],"{'net_changes': {}, 'pct_changes': {'1': '0.0', '3': '0.0', '6': '-0.9', '12': '1.7'}}",CUUR0000SEMF01,2020-07
2020,M06,June,,533.46,[{}],"{'net_changes': {}, 'pct_changes': {'1': '0.0', '3': '-0.1', '6': '-0.8', '12': '2.0'}}",CUUR0000SEMF01,2020-06
2020,M05,May,,533.325,[{}],"{'net_changes': {}, 'pct_changes': {'1': '-0.1', '3': '-0.4', '6': '1.0', '12': '1.3'}}",CUUR0000SEMF01,2020-05
2020,M04,April,,533.767,[{}],"{'net_changes': {}, 'pct_changes': {'1': '0.0', '3': '-0.8', '6': '0.8', '12': '1.1'}}",CUUR0000SEMF01,2020-04
2020,M03,March,,533.885,[{}],"{'net_changes': {}, 'pct_changes': {'1': '-0.3', '3': '-0.8', '6': '2.2', '12': '1.5'}}",CUUR0000SEMF01,2020-03
2020,M02,February,,535.548,[{}],"{'net_changes': {}, 'pct_changes': {'1': '-0.5', '3': '1.4', '6': '1.7', '12': '2.4'}}",CUUR0000SEMF01,2020-02
2020,M01,January,,538.154,[{}],"{'net_changes': {}, 'pct_changes': {'1': '0.0', '3': '1.6', '6': '2.5', '12': '2.5'}}",CUUR0000SEMF01,2020-01
2019,M12,December,,537.946,[{}],"{'net_changes': {}, 'pct_changes': {'1': '1.8', '3': '3.0', '6': '2.9', '12': '3.0'}}",CUUR0000SEMF01,2019-12
2019,M11,November,,528.285,[{}],"{'net_changes': {}, 'pct_changes': {'1': '-0.3', '3': '0.3', '6': '0.4', '12': '0.5'}}",CUUR0000SEMF01,2019-11
2019,M10,October,,529.635,[{}],"{'net_changes': {}, 'pct_changes': {'1': '1.4', '3': '0.9', '6': '0.3', '12': '1.0'}}",CUUR0000SEMF01,2019-10
2019,M09,September,,522.518,[{}],"{'net_changes': {}, 'pct_changes': {'1': '-0.8', '3': '-0.1', '6': '-0.7', '12': '-1.1'}}",CUUR0000SEMF01,2019-09
2019,M08,August,,526.629,[{}],"{'net_changes': {}, 'pct_changes': {'1': '0.3', '3': '0.0', '6': '0.7', '12': '-0.7'}}",CUUR0000SEMF01,2019-08
2019,M07,July,,524.829,[{}],"{'net_changes': {}, 'pct_changes': {'1': '0.4', '3': '-0.6', '6': '-0.1', '12': '-0.8'}}",CUUR0000SEMF01,2019-07
2019,M06,June,,522.957,[{}],"{'net_changes': {}, 'pct_changes': {'1': '-0.7', '3': '-0.6', '6': '0.2', '12': '-2.0'}}",CUUR0000SEMF01,2019-06
2019,M05,May,,526.439,[{}],"{'net_changes': {}, 'pct_changes': {'1': '-0.3', '3': '0.7', '6': '0.2', '12': '-1.0'}}",CUUR0000SEMF01,2019-05
2019,M04,April,,528.008,[{}],"{'net_changes': {}, 'pct_changes': {'1': '0.4', '3': '0.6', '6': '0.7', '12': '0.3'}}",CUUR0000SEMF01,2019-04
2019,M03,March,,526.097,[{}],"{'net_changes': {}, 'pct_changes': {'1': '0.6', '3': '0.8', '6': '-0.4', '12': '-0.4'}}",CUUR0000SEMF01,2019-03
2019,M02,February,,522.971,[{}],"{'net_changes': {}, 'pct_changes': {'1': '-0.4', '3': '-0.5', '6': '-1.4', '12': '-1.2'}}",CUUR0000SEMF01,2019-02
2019,M01,January,,525.103,[{}],"{'net_changes': {}, 'pct_changes': {'1': '0.6', '3': '0.1', '6': '-0.7', '12': '-0.5'}}",CUUR0000SEMF01,2019-01
2018,M12,December,,522.105,[{}],"{'net_changes': {}, 'pct_changes': {'1': '-0.6', '3': '-1.1', '6': '-2.2', '12': '-0.6'}}",CUUR0000SEMF01,2018-12
2018,M11,November,,525.494,[{}],"{'net_changes': {}, 'pct_changes': {'1': '0.2', '3': '-0.9', '6': '-1.2', '12': '0.6'}}",CUUR0000SEMF01,2018-11
2018,M10,October,,524.37,[{}],"{'net_changes': {}, 'pct_changes': {'1': '-0.7', '3': '-0.8', '6': '-0.4', '12': '0.8'}}",CUUR0000SEMF01,2018-10
2018,M09,September,,528.124,[{}],"{'net_changes': {}, 'pct_changes': {'1': '-0.4', '3': '-1.0', '6': '0.0', '12': '1.2'}}",CUUR0000SEMF01,2018-09
2018,M08,August,,530.165,[{}],"{'net_changes': {}, 'pct_changes': {'1': '0.2', '3': '-0.3', '6': '0.2', '12': '0.8'}}",CUUR0000SEMF01,2018-08
2018,M07,July,,528.865,[{}],"{'net_changes': {}, 'pct_changes': {'1': '-0.9', '3': '0.5', '6': '0.2', '12': '0.9'}}",CUUR0000SEMF01,2018-07
2018,M06,June,,533.72,[{}],"{'net_changes': {}, 'pct_changes': {'1': '0.4', '3': '1.1', '6': '1.6', '12': '3.2'}}",CUUR0000SEMF01,2018-06
2018,M05,May,,531.692,[{}],"{'net_changes': {}, 'pct_changes': {'1': '1.0', '3': '0.5', '6': '1.8', '12': '3.7'}}",CUUR0000SEMF01,2018-05
2018,M04,April,,526.345,[{}],"{'net_changes': {}, 'pct_changes': {'1': '-0.3', '3': '-0.3', '6': '1.2', '12': '2.7'}}",CUUR0000SEMF01,2018-04
2018,M03,March,,528.167,[{}],"{'net_changes': {}, 'pct_changes': {'1': '-0.2', '3': '0.5', '6': '1.2', '12': '1.9'}}",CUUR0000SEMF01,2018-03
2018,M02,February,,529.279,[{}],"{'net_changes': {}, 'pct_changes': {'1': '0.3', '3': '1.3', '6': '0.6', '12': '2.1'}}",CUUR0000SEMF01,2018-02
2018,M01,January,,527.767,[{}],"{'net_changes': {}, 'pct_changes': {'1': '0.5', '3': '1.4', '6': '0.7', '12': '2.4'}}",CUUR0000SEMF01,2018-01
2023,M09,September,True,385.433,[{}],"{'net_changes': {}, 'pct_changes': {'1': '0.6', '3': '1.3', '6': '2.8', '12': '7.2'}}",CUUR0000SAH1,2023-09
2023,M08,August,,383.221,[{}],"{'net_changes': {}, 'pct_changes': {'1': '0.3', '3': '1.2', '6': '2.9', '12': '7.3'}}",CUUR0000SAH1,2023-08
2023,M07,July,,382.226,[{}],"{'net_changes': {}, 'pct_changes': {'1': '0.4', '3': '1.5', '6': '3.4', '12': '7.7'}}",CUUR0000SAH1,2023-07
2023,M06,June,,380.594,[{}],"{'net_changes': {}, 'pct_changes': {'1': '0.5', '3': '1.5', '6': '3.7', '12': '7.8'}}",CUUR0000SAH1,2023-06
2023,M05,May,,378.776,[{}],"{'net_changes': {}, 'pct_changes': {'1': '0.6', '3': '1.7', '6': '4.0', '12': '8.0'}}",CUUR0000SAH1,2023-05
2023,M04,April,,376.636,[{}],"{'net_changes': {}, 'pct_changes': {'1': '0.4', '3': '1.9', '6': '4.0', '12': '8.1'}}",CUUR0000SAH1,2023-04
2023,M03,March,,374.971,[{}],"{'net_changes': {}, 'pct_changes': {'1': '0.7', '3': '2.2', '6': '4.2', '12': '8.2'}}",CUUR0000SAH1,2023-03
2023,M02,February,,372.51,[{}],"{'net_changes': {}, 'pct_changes': {'1': '0.8', '3': '2.3', '6': '4.3', '12': '8.1'}}",CUUR0000SAH1,2023-02
2023,M01,January,,369.585,[{}],"{'net_changes': {}, 'pct_changes': {'1': '0.7', '3': '2.1', '6': '4.1', '12': '7.9'}}",CUUR0000SAH1,2023-01
2022,M12,December,,366.868,[{}],"{'net_changes': {}, 'pct_changes': {'1': '0.7', '3': '2.0', '6': '3.9', '12': '7.5'}}",CUUR0000SAH1,2022-12
2022,M11,November,,364.195,[{}],"{'net_changes': {}, 'pct_changes': {'1': '0.6', '3': '1.9', '6': '3.9', '12': '7.1'}}",CUUR0000SAH1,2022-11
2022,M10,October,,362.093,[{}],"{'net_changes': {}, 'pct_changes': {'1': '0.7', '3': '2.0', '6': '3.9', '12': '6.9'}}",CUUR0000SAH1,2022-10
2022,M09,September,,359.704,[{}],"{'net_changes': {}, 'pct_changes': {'1': '0.7', '3': '1.9', '6': '3.8', '12': '6.6'}}",CUUR0000SAH1,2022-09
2022,M08,August,,357.264,[{}],"{'net_changes': {}, 'pct_changes': {'1': '0.7', '3': '1.9', '6': '3.7', '12': '6.2'}}",CUUR0000SAH1,2022-08
2022,M07,July,,354.935,[{}],"{'net_changes': {}, 'pct_changes': {'1': '0.6', '3': '1.9', '6': '3.6', '12': '5.7'}}",CUUR0000SAH1,2022-07
2022,M06,June,,352.967,[{}],"{'net_changes': {}, 'pct_changes': {'1': '0.7', '3': '1.8', '6': '3.4', '12': '5.6'}}",CUUR0000SAH1,2022-06
2022,M05,May,,350.58,[{}],"{'net_changes': {}, 'pct_changes': {'1': '0.6', '3': '1.7', '6': '3.1', '12': '5.5'}}",CUUR0000SAH1,2022-05
2022,M04,April,,348.389,[{}],"{'net_changes': {}, 'pct_changes': {'1': '0.5', '3': '1.7', '6': '2.9', '12': '5.1'}}",CUUR0000SAH1,2022-04
2022,M03,March,,346.618,[{}],"{'net_changes': {}, 'pct_changes': {'1': '0.6', '3': '1.6', '6': '2.7', '12': '5.0'}}",CUUR0000SAH1,2022-03
2022,M02,February,,344.607,[{}],"{'net_changes': {}, 'pct_changes': {'1': '0.6', '3': '1.4', '6': '2.5', '12': '4.7'}}",CUUR0000SAH1,2022-02
2022,M01,January,,342.604,[{}],"{'net_changes': {}, 'pct_changes': {'1': '0.4', '3': '1.2', '6': '2.0', '12': '4.4'}}",CUUR0000SAH1,2022-01
2021,M12,December,,341.241,[{}],"{'net_changes': {}, 'pct_changes': {'1': '0.4', '3': '1.1', '6': '2.1', '12': '4.1'}}",CUUR0000SAH1,2021-12
2021,M11,November,,339.997,[{}],"{'net_changes': {}, 'pct_changes': {'1': '0.4', '3': '1.1', '6': '2.3', '12': '3.8'}}",CUUR0000SAH1,2021-11
2021,M10,October,,338.671,[{}],"{'net_changes': {}, 'pct_changes': {'1': '0.4', '3': '0.9', '6': '2.2', '12': '3.5'}}",CUUR0000SAH1,2021-10
2021,M09,September,,337.451,[{}],"{'net_changes': {}, 'pct_changes': {'1': '0.3', '3': '1.0', '6': '2.2', '12': '3.2'}}",CUUR0000SAH1,2021-09
2021,M08,August,,336.284,[{}],"{'net_changes': {}, 'pct_changes': {'1': '0.1', '3': '1.2', '6': '2.2', '12': '2.8'}}",CUUR0000SAH1,2021-08
2021,M07,July,,335.812,[{}],"{'net_changes': {}, 'pct_changes': {'1': '0.5', '3': '1.3', '6': '2.3', '12': '2.8'}}",CUUR0000SAH1,2021-07
2021,M06,June,,334.222,[{}],"{'net_changes': {}, 'pct_changes': {'1': '0.5', '3': '1.2', '6': '2.0', '12': '2.6'}}",CUUR0000SAH1,2021-06
2021,M05,May,,332.454,[{}],"{'net_changes': {}, 'pct_changes': {'1': '0.3', '3': '1.0', '6': '1.5', '12': '2.2'}}",CUUR0000SAH1,2021-05
2021,M04,April,,331.354,[{}],"{'net_changes': {}, 'pct_changes': {'1': '0.4', '3': '0.9', '6': '1.2', '12': '2.1'}}",CUUR0000SAH1,2021-04
2021,M03,March,,330.122,[{}],"{'net_changes': {}, 'pct_changes': {'1': '0.3', '3': '0.7', '6': '0.9', '12': '1.7'}}",CUUR0000SAH1,2021-03
2021,M02,February,,329.005,[{}],"{'net_changes': {}, 'pct_changes': {'1': '0.2', '3': '0.5', '6': '0.6', '12': '1.5'}}",CUUR0000SAH1,2021-02
2021,M01,January,,328.282,[{}],"{'net_changes': {}, 'pct_changes': {'1': '0.2', '3': '0.3', '6': '0.5', '12': '1.6'}}",CUUR0000SAH1,2021-01
2020,M12,December,,327.702,[{}],"{'net_changes': {}, 'pct_changes': {'1': '0.1', '3': '0.2', '6': '0.6', '12': '1.8'}}",CUUR0000SAH1,2020-12
2020,M11,November,,327.435,[{}],"{'net_changes': {}, 'pct_changes': {'1': '0.0', '3': '0.1', '6': '0.7', '12': '1.9'}}",CUUR0000SAH1,2020-11
2020,M10,October,,327.273,[{}],"{'net_changes': {}, 'pct_changes': {'1': '0.0', '3': '0.2', '6': '0.8', '12': '2.0'}}",CUUR0000SAH1,2020-10
2020,M09,September,,327.116,[{}],"{'net_changes': {}, 'pct_changes': {'1': '0.0', '3': '0.4', '6': '0.8', '12': '2.0'}}",CUUR0000SAH1,2020-09
2020,M08,August,,326.997,[{}],"{'net_changes': {}, 'pct_changes': {'1': '0.1', '3': '0.5', '6': '0.8', '12': '2.3'}}",CUUR0000SAH1,2020-08
2020,M07,July,,326.58,[{}],"{'net_changes': {}, 'pct_changes': {'1': '0.2', '3': '0.6', '6': '1.1', '12': '2.3'}}",CUUR0000SAH1,2020-07
2020,M06,June,,325.814,[{}],"{'net_changes': {}, 'pct_changes': {'1': '0.2', '3': '0.4', '6': '1.3', '12': '2.4'}}",CUUR0000SAH1,2020-06
2020,M05,May,,325.265,[{}],"{'net_changes': {}, 'pct_changes': {'1': '0.2', '3': '0.3', '6': '1.2', '12': '2.5'}}",CUUR0000SAH1,2020-05
2020,M04,April,,324.522,[{}],"{'net_changes': {}, 'pct_changes': {'1': '0.0', '3': '0.5', '6': '1.2', '12': '2.6'}}",CUUR0000SAH1,2020-04
2020,M03,March,,324.615,[{}],"{'net_changes': {}, 'pct_changes': {'1': '0.1', '3': '0.9', '6': '1.3', '12': '3.0'}}",CUUR0000SAH1,2020-03
2020,M02,February,,324.254,[{}],"{'net_changes': {}, 'pct_changes': {'1': '0.4', '3': '0.9', '6': '1.4', '12': '3.3'}}",CUUR0000SAH1,2020-02
2020,M01,January,,323.053,[{}],"{'net_changes': {}, 'pct_changes': {'1': '0.4', '3': '0.7', '6': '1.2', '12': '3.3'}}",CUUR0000SAH1,2020-01
2019,M12,December,,321.766,[{}],"{'net_changes': {}, 'pct_changes': {'1': '0.2', '3': '0.4', '6': '1.1', '12': '3.2'}}",CUUR0000SAH1,2019-12
2019,M11,November,,321.267,[{}],"{'net_changes': {}, 'pct_changes': {'1': '0.2', '3': '0.5', '6': '1.3', '12': '3.3'}}",CUUR0000SAH1,2019-11
2019,M10,October,,320.762,[{}],"{'net_changes': {}, 'pct_changes': {'1': '0.1', '3': '0.5', '6': '1.4', '12': '3.3'}}",CUUR0000SAH1,2019-10
2019,M09,September,,320.569,[{}],"{'net_changes': {}, 'pct_changes': {'1': '0.3', '3': '0.7', '6': '1.7', '12': '3.5'}}",CUUR0000SAH1,2019-09
2019,M08,August,,319.679,[{}],"{'net_changes': {}, 'pct_changes': {'1': '0.2', '3': '0.8', '6': '1.8', '12': '3.4'}}",CUUR0000SAH1,2019-08
2019,M07,July,,319.136,[{}],"{'net_changes': {}, 'pct_changes': {'1': '0.3', '3': '0.9', '6': '2.1', '12': '3.5'}}",CUUR0000SAH1,2019-07
2019,M06,June,,318.3,[{}],"{'net_changes': {}, 'pct_changes': {'1': '0.4', '3': '1.0', '6': '2.1', '12': '3.5'}}",CUUR0000SAH1,2019-06
2019,M05,May,,317.188,[{}],"{'net_changes': {}, 'pct_changes': {'1': '0.3', '3': '1.1', '6': '2.0', '12': '3.3'}}",CUUR0000SAH1,2019-05
2019,M04,April,,316.263,[{}],"{'net_changes': {}, 'pct_changes': {'1': '0.4', '3': '1.1', '6': '1.9', '12': '3.4'}}",CUUR0000SAH1,2019-04
2019,M03,March,,315.135,[{}],"{'net_changes': {}, 'pct_changes': {'1': '0.4', '3': '1.1', '6': '1.8', '12': '3.4'}}",CUUR0000SAH1,2019-03
2019,M02,February,,313.88,[{}],"{'net_changes': {}, 'pct_changes': {'1': '0.4', '3': '0.9', '6': '1.5', '12': '3.4'}}",CUUR0000SAH1,2019-02
2019,M01,January,,312.696,[{}],"{'net_changes': {}, 'pct_changes': {'1': '0.3', '3': '0.7', '6': '1.4', '12': '3.2'}}",CUUR0000SAH1,2019-01
2018,M12,December,,311.652,[{}],"{'net_changes': {}, 'pct_changes': {'1': '0.2', '3': '0.6', '6': '1.3', '12': '3.2'}}",CUUR0000SAH1,2018-12
2018,M11,November,,310.95,[{}],"{'net_changes': {}, 'pct_changes': {'1': '0.2', '3': '0.5', '6': '1.3', '12': '3.2'}}",CUUR0000SAH1,2018-11
2018,M10,October,,310.382,[{}],"{'net_changes': {}, 'pct_changes': {'1': '0.2', '3': '0.6', '6': '1.5', '12': '3.2'}}",CUUR0000SAH1,2018-10
2018,M09,September,,309.702,[{}],"{'net_changes': {}, 'pct_changes': {'1': '0.1', '3': '0.7', '6': '1.6', '12': '3.3'}}",CUUR0000SAH1,2018-09
2018,M08,August,,309.296,[{}],"{'net_changes': {}, 'pct_changes': {'1': '0.3', '3': '0.8', '6': '1.9', '12': '3.4'}}",CUUR0000SAH1,2018-08
2018,M07,July,,308.393,[{}],"{'net_changes': {}, 'pct_changes': {'1': '0.3', '3': '0.9', '6': '1.8', '12': '3.5'}}",CUUR0000SAH1,2018-07
2018,M06,June,,307.521,[{}],"{'net_changes': {}, 'pct_changes': {'1': '0.2', '3': '0.9', '6': '1.8', '12': '3.4'}}",CUUR0000SAH1,2018-06
2018,M05,May,,306.913,[{}],"{'net_changes': {}, 'pct_changes': {'1': '0.4', '3': '1.1', '6': '1.9', '12': '3.5'}}",CUUR0000SAH1,2018-05
2018,M04,April,,305.716,[{}],"{'net_changes': {}, 'pct_changes': {'1': '0.3', '3': '0.9', '6': '1.6', '12': '3.4'}}",CUUR0000SAH1,2018-04
2018,M03,March,,304.847,[{}],"{'net_changes': {}, 'pct_changes': {'1': '0.4', '3': '0.9', '6': '1.7', '12': '3.3'}}",CUUR0000SAH1,2018-03
2018,M02,February,,303.653,[{}],"{'net_changes': {}, 'pct_changes': {'1': '0.2', '3': '0.8', '6': '1.5', '12': '3.1'}}",CUUR0000SAH1,2018-02
2018,M01,January,,302.928,[{}],"{'net_changes': {}, 'pct_changes': {'1': '0.3', '3': '0.7', '6': '1.7', '12': '3.2'}}",CUUR0000SAH1,2018-01
